id,account_key,initiated_datetime,order_status,symbol,avg_price,quantity,last_updated_datetime
34,account_27,2024-09-29 10:26:00,pending,FB,376.5,80,2024-09-29 10:31
35,account_3,2024-09-29 10:02:00,pending,AMZN,3300.45,200,2024-09-29 10:07:00
36,account_33,2024-09-29 10:32:00,pending,TSLA,275.7,90,2024-09-29 10:37:00
37,account_8,2024-09-29 10:07:00,completed,GOOG,2900.5,30,2024-09-29 10:12:00
38,account_9,2024-09-29 10:08:00,pending,AAPL,175.75,100,2024-09-29 10:13:00
39,account_2,2024-09-29 10:01:00,completed,GOOG,2900.25,50,2024-09-29 10:06:00
40,account_3,2024-09-29 10:02:00,pending,AMZN,3300.45,200,2024-09-29 10:07:00
41,account_25,2024-09-29 10:24:00,pending,AMZN,3301.0,130,2024-09-29 10:29:00
42,account_20,2024-09-29 10:19:00,completed,FB,376.0,110,2024-09-29 10:24:00
43,account_7,2024-09-29 10:06:00,pending,NVDA,215.3,80,2024-09-29 10:11:00
44,account_21,2024-09-29 10:20:00,pending,NVDA,215.7,80,2024-09-29 10:25:00
45,account_10,2024-09-29 10:09:00,completed,MSFT,295.75,60,2024-09-29 10:14:00
46,account_20,2024-09-29 10:19:00,completed,FB,376.0,110,2024-09-29 10:24:00
47,account_10,2024-09-29 10:09:00,completed,MSFT,295.75,60,2024-09-29 10:14:00
48,account_27,2024-09-29 10:26:00,pending,FB,376.5,80,2024-09-29 10:31:00
49,account_13,2024-09-29 10:12:00,pending,FB,375.5,140,2024-09-29 10:17:00
50,account_25,2024-09-29 10:24:00,pending,AMZN,234-12,130,2024-09-29 10:29:00
51,account_16,2024-09-29 10:15:00,completed,AAPL,176.0,120,2024-09-29 10:20:00
52,account_10,2024-09-29 10:09:00,completed,MSFT,295.75,60,2024-09-29 10:14:00
53,account_22,2024-09-29 10:21:00,completed,GOOG,2901.0,70,2024-09-29 10:26:00
54,account_16,2024-09-29 10:15:00,completed,AAPL,176.0,120,2024-09-29 10:20:00
55,account_11,2024-09-29 10:10:00,pending,AMZN,3300.6,180,2024-09-29 10:15:00
56,account_25,2024-09-29 10:24:00,pending,AMZN,3301.0,130,2024-09-29 10:29:00
57,account_17,2024-09-29 10:16:00,pending,MSFT,296.0,100,2024-09-29 10:21:00
58,account_16,2024-09-29 10:15:00,completed,AAPL,176.0,120,2024-09-29 10:20:00
59,account_3,2024-09-29 10:02:00,pending,AMZN,3300.45,200,2024-09-29 10:07:00
60,account_13,2024-09-29 10:12:00,pending,FB,375.5,140,2024-09-29 10:17:00
61,account_6,2024-09-29 10:05:00,completed,FB,375.0,120,2024-09-29 10:10:00
62,account_33,2024-09-29 10:32:00,pending,TSLA,275.7,90,2024-09-29 10:37:00
63,account_29,2024-09-29 10:28:00,pending,GOOG,2901.25,120,2024-09-29 10:33:00
64,account_32,2024-09-29 10:31:00,completed,AMZN,3301.5,140,2024-09-29 10:36:00
65,account_34,2024-09-29 10:33:00,completed,FB,377.0,120,2024-09-29 10:38:00
66,account_20,2024-09-29 10:19:00,completed,FB,376.0,110,2024-09-29 10:24:00
67,account_12,2024-09-29 10:11:00,completed,TSLA,275.1,70,2024-09-29 10:16:00
68,account_20,2024-09-29 10:19:00,completed,FB,376.0,110,2024-09-29 10:24:00
69,account_32,2024-09-29 10:31:00,completed,AMZN,3301.5,140,2024-09-29 10:36:00
70,account_2,2024-09-29 10:01:00,completed,GOOG,2900.25,50,2024-09-29 10:06:00
71,account_34,2024-09-29 10:33:00,completed,FB,377.0,120,2024-09-29 10:38:00
72,account_24,2024-09-29 10:23:00,completed,MSFT,296.3,120,2024-09-29 10:28:00
73,account_5,2024-09-29 10:04:00,pending,TSLA,275.0,50,2024-09-29 10:09:00
74,account_11,2024-09-29 10:10:00,pending,AMZN,3300.6,180,2024-09-29 10:15:00
75,account_22,2024-09-29 10:21:00,completed,GOOG,2901.0,70,2024-09-29 10:26:00
76,account_23,2024-09-29 10:22:00,pending,AAPL,176.2,90,2024-09-29 10:27:00
77,account_8,2024-09-29 10:07:00,completed,GOOG,2900.5,30,2024-09-29 10:12:00
78,account_22,2024-09-29 10:21:00,completed,GOOG,2901.0,70,2024-09-29 10:26:00
79,account_16,2024-09-29 10:15:00,completed,AAPL,176.0,120,2024-09-29 10:20:00
80,account_22,2024-09-29 10:21:00,completed,GOOG,2901.0,70,2024-09-29 10:26:00
81,account_32,2024-09-29 10:31:00,completed,AMZN,3301.5,140,2024-09-29 10:36:00
82,account_9,2024-09-29 10:08:00,pending,AAPL,175.75,100,2024-09-29 10:13:00
83,account_34,2024-09-29 10:33:00,completed,FB,377.0,120,2024-09-29 10:38:00
84,account_17,2024-09-29 10:16:00,pending,MSFT,296.0,100,2024-09-29 10:21:00
85,account_5,2024-09-29 10:04:00,pending,TSLA,275.0,50,2024-09-29 10:09:00
86,account_7,2024-09-29 10:06:00,pending,NVDA,215.3,80,2024-09-29 10:11:00
87,account_30,2024-09-29 10:29:00,completed,AAPL,176.5,110,2024-09-29 10:34:00
88,account_31,2024-09-29 10:30:00,pending,MSFT,296.5,100,2024-09-29 10:35:00
89,account_15,2024-09-29 10:14:00,pending,GOOG,2900.75,50,2024-09-29 10:19:00
90,account_22,2024-09-29 10:21:00,completed,GOOG,2901.0,70,2024-09-29 10:26:00
91,account_15,2024-09-29 10:14:00,pending,GOOG,2900.75,50,2024-09-29 10:19:00
92,account_7,2024-09-29 10:06:00,pending,NVDA,215.3,80,2024-09-29 10:11:00
93,account_2,2024-09-29 10:01:00,completed,GOOG,2900.25,50,2024-09-29 10:06:00
94,account_21,2024-09-29 10:20:00,pending,NVDA,215.7,80,2024-09-29 10:25:00
95,account_19,2024-09-29 10:18:00,pending,TSLA,275.3,200,2024-09-29 10:23:00
96,account_25,2024-09-29 10:24:00,pending,AMZN,3301.0,130,2024-09-29 10:29:00
97,account_33,2024-09-29 10:32:00,pending,TSLA,275.7,90,2024-09-29 10:37:00
98,account_5,2024-09-29 10:04:00,pending,TSLA,275.0,50,2024-09-29 10:09:00
99,account_23,2024-09-29 10:22:00,pending,AAPL,176.2,90,2024-09-29 10:27:00
100,account_6,2024-09-29 10:05:00,completed,FB,375.0,120,2024-09-29 10:10:00
101,account_10,2024-09-29 10:09:00,completed,MSFT,295.75,60,2024-09-29 10:14:00
102,account_26,2024-09-29 10:25:00,completed,TSLA,275.5,150,2024-09-29 10:30:00
103,account_5,2024-09-29 10:04:00,pending,TSLA,275.0,50,2024-09-29 10:09:00
104,account_29,2024-09-29 10:28:00,pending,GOOG,2901.25,120,2024-09-29 10:33:00
105,account_7,2024-09-29 10:06:00,pending,NVDA,215.3,80,2024-09-29 10:11:00
106,account_8,2024-09-29 10:07:00,completed,GOOG,2900.5,30,2024-09-29 10:12:00
107,account_32,2024-09-29 10:31:00,completed,AMZN,3301.5,140,2024-09-29 10:36:00
108,account_2,2024-09-29 10:01:00,completed,GOOG,2900.25,50,2024-09-29 10:06:00
109,account_7,2024-09-29 10:06:00,pending,NVDA,215.3,80,2024-09-29 10:11:00
110,account_25,2024-09-29 10:24:00,pending,AMZN,3301.0,130,2024-09-29 10:29:00
111,account_22,2024-09-29 10:21:00,completed,GOOG,2901.0,70,2024-09-29 10:26:00
112,account_16,2024-09-29 10:15:00,completed,AAPL,176.0,120,2024-09-29 10:20:00
113,account_1,2024-09-29 10:00:00,pending,AAPL,175.5,100,2024-09-29 10:05:00
114,account_8,2024-09-29 10:07:00,completed,GOOG,2900.5,30,2024-09-29 10:12:00
115,account_7,2024-09-29 10:06:00,pending,NVDA,215.3,80,2024-09-29 10:11:00
116,account_25,2024-09-29 10:24:00,pending,AMZN,3301.0,130,2024-09-29 10:29:00
117,account_21,2024-09-29 10:20:00,pending,NVDA,215.7,80,2024-09-29 10:25:00
118,account_13,2024-09-29 10:12:00,pending,FB,375.5,140,2024-09-29 10:17:00
119,account_8,2024-09-29 10:07:00,completed,GOOG,2900.5,30,2024-09-29 10:12:00
120,account_21,2024-09-29 10:20:00,pending,NVDA,215.7,80,2024-09-29 10:25:00
121,account_11,2024-09-29 10:10:00,pending,AMZN,3300.6,180,2024-09-29 10:15:00
122,account_9,2024-09-29 10:08:00,pending,AAPL,175.75,100,2024-09-29 10:13:00
123,account_26,2024-09-29 10:25:00,completed,TSLA,275.5,150,2024-09-29 10:30:00
124,account_34,2024-09-29 10:33:00,completed,FB,377.0,120,2024-09-29 10:38:00
125,account_4,2024-09-29 10:03:00,completed,MSFT,295.7,150,2024-09-29 10:08:00
126,account_30,2024-09-29 10:29:00,completed,AAPL,176.5,110,2024-09-29 10:34:00
127,account_22,2024-09-29 10:21:00,completed,GOOG,2901.0,70,2024-09-29 10:26:00
128,account_14,2024-09-29 10:13:00,completed,NVDA,215.5,90,2024-09-29 10:18:00
129,account_24,2024-09-29 10:23:00,completed,MSFT,296.3,120,2024-09-29 10:28:00
130,account_30,2024-09-29 10:29:00,completed,AAPL,176.5,110,2024-09-29 10:34:00
131,account_16,2024-09-29 10:15:00,completed,AAPL,176.0,120,2024-09-29 10:20:00
132,account_5,2024-09-29 10:04:00,pending,TSLA,275.0,50,2024-09-29 10:09:00
133,account_22,2024-09-29 10:21:00,completed,GOOG,2901.0,70,2024-09-29 10:26:00
134,account_17,2024-09-29 10:16:00,pending,MSFT,296.0,100,2024-09-29 10:21:00
135,account_26,2024-09-29 10:25:00,completed,TSLA,275.5,150,2024-09-29 10:30:00
136,account_31,2024-09-29 10:30:00,pending,MSFT,296.5,100,2024-09-29 10:35:00
137,account_31,2024-09-29 10:30:00,pending,MSFT,296.5,100,2024-09-29 10:35:00
138,account_3,2024-09-29 10:02:00,pending,AMZN,3300.45,200,2024-09-29 10:07:00
139,account_28,2024-09-29 10:27:00,completed,NVDA,215.9,60,2024-09-29 10:32:00
140,account_30,2024-09-29 10:29:00,completed,AAPL,176.5,110,2024-09-29 10:34:00
141,account_12,2024-09-29 10:11:00,completed,TSLA,275.1,70,2024-09-29 10:16:00
142,account_26,2024-09-29 10:25:00,completed,TSLA,275.5,150,2024-09-29 10:30:00
143,account_1,2024-09-29 10:00:00,pending,AAPL,175.5,100,2024-09-29 10:05:00
144,account_19,2024-09-29 10:18:00,pending,TSLA,275.3,200,2024-09-29 10:23:00
145,account_4,2024-09-29 10:03:00,completed,MSFT,295.7,150,2024-09-29 10:08:00
146,account_29,2024-09-29 10:28:00,pending,GOOG,2901.25,120,2024-09-29 10:33:00
147,account_11,2024-09-29 10:10:00,pending,AMZN,3300.6,180,2024-09-29 10:15:00
148,account_26,2024-09-29 10:25:00,completed,TSLA,275.5,150,2024-09-29 10:30:00
149,account_33,2024-09-29 10:32:00,pending,TSLA,275.7,90,2024-09-29 10:37:00
150,account_13,2024-09-29 10:12:00,pending,FB,375.5,140,2024-09-29 10:17:00
151,account_10,2024-09-29 10:09:00,completed,MSFT,295.75,60,2024-09-29 10:14:00
152,account_9,2024-09-29 10:08:00,pending,AAPL,175.75,100,2024-09-29 10:13:00
153,account_30,2024-09-29 10:29:00,completed,AAPL,176.5,110,2024-09-29 10:34:00
154,account_11,2024-09-29 10:10:00,pending,AMZN,3300.6,180,2024-09-29 10:15:00
155,account_31,2024-09-29 10:30:00,pending,MSFT,296.5,100,2024-09-29 10:35:00
156,account_32,2024-09-29 10:31:00,completed,AMZN,3301.5,140,2024-09-29 10:36:00
157,account_26,2024-09-29 10:25:00,completed,TSLA,275.5,150,2024-09-29 10:30:00
158,account_27,2024-09-29 10:26:00,pending,FB,376.5,80,2024-09-29 10:31:00
159,account_21,2024-09-29 10:20:00,pending,NVDA,215.7,80,2024-09-29 10:25:00
160,account_22,2024-09-29 10:21:00,completed,GOOG,2901.0,70,2024-09-29 10:26:00
161,account_25,2024-09-29 10:24:00,pending,AMZN,3301.0,130,2024-09-29 10:29:00
162,account_27,2024-09-29 10:26:00,pending,FB,376.5,80,2024-09-29 10:31:00
163,account_16,2024-09-29 10:15:00,completed,AAPL,176.0,120,2024-09-29 10:20:00
164,account_27,2024-09-29 10:26:00,pending,FB,376.5,80,2024-09-29 10:31:00
165,account_30,2024-09-29 10:29:00,completed,AAPL,176.5,110,2024-09-29 10:34:00
166,account_20,2024-09-29 10:19:00,completed,FB,376.0,110,2024-09-29 10:24:00
167,account_6,2024-09-29 10:05:00,completed,FB,375.0,120,2024-09-29 10:10:00
168,account_4,2024-09-29 10:03:00,completed,MSFT,295.7,150,2024-09-29 10:08:00
169,account_23,2024-09-29 10:22:00,pending,AAPL,176.2,90,2024-09-29 10:27:00
170,account_16,2024-09-29 10:15:00,completed,AAPL,176.0,120,2024-09-29 10:20:00
171,account_30,2024-09-29 10:29:00,completed,AAPL,176.5,110,2024-09-29 10:34:00
172,account_24,2024-09-29 10:23:00,completed,MSFT,296.3,120,2024-09-29 10:28:00
173,account_7,2024-09-29 10:06:00,pending,NVDA,215.3,80,2024-09-29 10:11:00
174,account_4,2024-09-29 10:03:00,completed,MSFT,295.7,150,2024-09-29 10:08:00
175,account_23,2024-09-29 10:22:00,pending,AAPL,176.2,90,2024-09-29 10:27:00
176,account_15,2024-09-29 10:14:00,pending,GOOG,2900.75,50,2024-09-29 10:19:00
177,account_6,2024-09-29 10:05:00,completed,FB,375.0,120,2024-09-29 10:10:00
178,account_27,2024-09-29 10:26:00,pending,FB,376.5,80,2024-09-29 10:31:00
179,account_15,2024-09-29 10:14:00,pending,GOOG,2900.75,50,2024-09-29 10:19:00
180,account_28,2024-09-29 10:27:00,completed,NVDA,215.9,60,2024-09-29 10:32:00
181,account_23,2024-09-29 10:22:00,pending,AAPL,176.2,90,2024-09-29 10:27:00
182,account_24,2024-09-29 10:23:00,completed,MSFT,296.3,120,2024-09-29 10:28:00
183,account_32,2024-09-29 10:31:00,completed,AMZN,3301.5,140,2024-09-29 10:36:00
184,account_30,2024-09-29 10:29:00,completed,AAPL,176.5,110,2024-09-29 10:34:00
185,account_12,2024-09-29 10:11:00,completed,TSLA,275.1,70,2024-09-29 10:16:00
186,account_2,2024-09-29 10:01:00,completed,GOOG,2900.25,50,2024-09-29 10:06:00
187,account_11,2024-09-29 10:10:00,pending,AMZN,3300.6,180,2024-09-29 10:15:00
188,account_23,2024-09-29 10:22:00,pending,AAPL,176.2,90,2024-09-29 10:27:00
189,account_14,2024-09-29 10:13:00,completed,NVDA,215.5,90,2024-09-29 10:18:00
190,account_33,2024-09-29 10:32:00,pending,TSLA,275.7,90,2024-09-29 10:37:00
191,account_34,2024-09-29 10:33:00,completed,FB,377.0,120,2024-09-29 10:38:00
192,account_4,2024-09-29 10:03:00,completed,MSFT,295.7,150,2024-09-29 10:08:00
193,account_19,2024-09-29 10:18:00,pending,TSLA,275.3,200,2024-09-29 10:23:00
194,account_7,2024-09-29 10:06:00,pending,NVDA,215.3,80,2024-09-29 10:11:00
195,account_29,2024-09-29 10:28:00,pending,GOOG,2901.25,120,2024-09-29 10:33:00
196,account_17,2024-09-29 10:16:00,pending,MSFT,296.0,100,2024-09-29 10:21:00
197,account_5,2024-09-29 10:04:00,pending,TSLA,275.0,50,2024-09-29 10:09:00
198,account_17,2024-09-29 10:16:00,pending,MSFT,296.0,100,2024-09-29 10:21:00
199,account_26,2024-09-29 10:25:00,completed,TSLA,275.5,150,2024-09-29 10:30:00
200,account_18,2024-09-29 10:17:00,completed,AMZN,3300.8,150,2024-09-29 10:22:00
201,account_2,2024-09-29 10:01:00,completed,GOOG,2900.25,50,2024-09-29 10:06:00
202,account_19,2024-09-29 10:18:00,pending,TSLA,275.3,200,2024-09-29 10:23:00
203,account_15,2024-09-29 10:14:00,pending,GOOG,2900.75,50,2024-09-29 10:19:00
204,account_9,2024-09-29 10:08:00,pending,AAPL,175.75,100,2024-09-29 10:13:00
205,account_27,2024-09-29 10:26:00,pending,FB,376.5,80,2024-09-29 10:31:00
206,account_20,2024-09-29 10:19:00,completed,FB,376.0,110,2024-09-29 10:24:00
207,account_14,2024-09-29 10:13:00,completed,NVDA,215.5,90,2024-09-29 10:18:00
208,account_26,2024-09-29 10:25:00,completed,TSLA,275.5,150,2024-09-29 10:30:00
209,account_14,2024-09-29 10:13:00,completed,NVDA,215.5,90,2024-09-29 10:18:00
210,account_29,2024-09-29 10:28:00,pending,GOOG,2901.25,120,2024-09-29 10:33:00
211,account_9,2024-09-29 10:08:00,pending,AAPL,175.75,100,2024-09-29 10:13:00
212,account_10,2024-09-29 10:09:00,completed,MSFT,295.75,60,2024-09-29 10:14:00
213,account_8,2024-09-29 10:07:00,completed,GOOG,2900.5,30,2024-09-29 10:12:00
214,account_17,2024-09-29 10:16:00,pending,MSFT,296.0,100,2024-09-29 10:21:00
215,account_29,2024-09-29 10:28:00,pending,GOOG,2901.25,120,2024-09-29 10:33:00
216,account_17,2024-09-29 10:16:00,pending,MSFT,296.0,100,2024-09-29 10:21:00
217,account_1,2024-09-29 10:00:00,pending,AAPL,175.5,100,2024-09-29 10:05:00
218,account_16,2024-09-29 10:15:00,completed,AAPL,176.0,120,2024-09-29 10:20:00
219,account_22,2024-09-29 10:21:00,completed,GOOG,2901.0,70,2024-09-29 10:26:00
220,account_22,2024-09-29 10:21:00,completed,GOOG,2901.0,70,2024-09-29 10:26:00
221,account_3,2024-09-29 10:02:00,pending,AMZN,3300.45,200,2024-09-29 10:07:00
222,account_14,2024-09-29 10:13:00,completed,NVDA,215.5,90,2024-09-29 10:18:00
223,account_32,2024-09-29 10:31:00,completed,AMZN,3301.5,140,2024-09-29 10:36:00
224,account_27,2024-09-29 10:26:00,pending,FB,376.5,80,2024-09-29 10:31:00
225,account_4,2024-09-29 10:03:00,completed,MSFT,295.7,150,2024-09-29 10:08:00
226,account_30,2024-09-29 10:29:00,completed,AAPL,176.5,110,2024-09-29 10:34:00
227,account_15,2024-09-29 10:14:00,pending,GOOG,2900.75,50,2024-09-29 10:19:00
228,account_10,2024-09-29 10:09:00,completed,MSFT,295.75,60,2024-09-29 10:14:00
229,account_21,2024-09-29 10:20:00,pending,NVDA,215.7,80,2024-09-29 10:25:00
230,account_16,2024-09-29 10:15:00,completed,AAPL,176.0,120,2024-09-29 10:20:00
231,account_24,2024-09-29 10:23:00,completed,MSFT,296.3,120,2024-09-29 10:28:00
232,account_15,2024-09-29 10:14:00,pending,GOOG,2900.75,50,2024-09-29 10:19:00
233,account_2,2024-09-29 10:01:00,completed,GOOG,2900.25,50,2024-09-29 10:06:00
234,account_4,2024-09-29 10:03:00,completed,MSFT,295.7,150,2024-09-29 10:08:00
235,account_20,2024-09-29 10:19:00,completed,FB,376.0,110,2024-09-29 10:24:00
236,account_18,2024-09-29 10:17:00,completed,AMZN,3300.8,150,2024-09-29 10:22:00
237,account_8,2024-09-29 10:07:00,completed,GOOG,2900.5,30,2024-09-29 10:12:00
238,account_14,2024-09-29 10:13:00,completed,NVDA,215.5,90,2024-09-29 10:18:00
239,account_23,2024-09-29 10:22:00,pending,AAPL,176.2,90,2024-09-29 10:27:00
240,account_14,2024-09-29 10:13:00,completed,NVDA,215.5,90,2024-09-29 10:18:00
241,account_9,2024-09-29 10:08:00,pending,AAPL,175.75,100,2024-09-29 10:13:00
242,account_3,2024-09-29 10:02:00,pending,AMZN,3300.45,200,2024-09-29 10:07:00
243,account_2,2024-09-29 10:01:00,completed,GOOG,2900.25,50,2024-09-29 10:06:00
244,account_15,2024-09-29 10:14:00,pending,GOOG,2900.75,50,2024-09-29 10:19:00
245,account_21,2024-09-29 10:20:00,pending,NVDA,215.7,80,2024-09-29 10:25:00
246,account_33,2024-09-29 10:32:00,pending,TSLA,275.7,90,2024-09-29 10:37:00
247,account_16,2024-09-29 10:15:00,completed,AAPL,176.0,120,2024-09-29 10:20:00
248,account_32,2024-09-29 10:31:00,completed,AMZN,3301.5,140,2024-09-29 10:36:00
249,account_1,2024-09-29 10:00:00,pending,AAPL,175.5,100,2024-09-29 10:05:00
250,account_24,2024-09-29 10:23:00,completed,MSFT,296.3,120,2024-09-29 10:28:00
251,account_12,2024-09-29 10:11:00,completed,TSLA,275.1,70,2024-09-29 10:16:00
252,account_5,2024-09-29 10:04:00,pending,TSLA,275.0,50,2024-09-29 10:09:00
253,account_4,2024-09-29 10:03:00,completed,MSFT,295.7,150,2024-09-29 10:08:00
254,account_29,2024-09-29 10:28:00,pending,GOOG,2901.25,120,2024-09-29 10:33:00
255,account_13,2024-09-29 10:12:00,pending,FB,375.5,140,2024-09-29 10:17:00
256,account_34,2024-09-29 10:33:00,completed,FB,377.0,120,2024-09-29 10:38:00
257,account_20,2024-09-29 10:19:00,completed,FB,376.0,110,2024-09-29 10:24:00
258,account_21,2024-09-29 10:20:00,pending,NVDA,215.7,80,2024-09-29 10:25:00
259,account_24,2024-09-29 10:23:00,completed,MSFT,296.3,120,2024-09-29 10:28:00
260,account_12,2024-09-29 10:11:00,completed,TSLA,275.1,70,2024-09-29 10:16:00
261,account_28,2024-09-29 10:27:00,completed,NVDA,215.9,60,2024-09-29 10:32:00
262,account_19,2024-09-29 10:18:00,pending,TSLA,275.3,200,2024-09-29 10:23:00
263,account_9,2024-09-29 10:08:00,pending,AAPL,175.75,100,2024-09-29 10:13:00
264,account_32,2024-09-29 10:31:00,completed,AMZN,3301.5,140,2024-09-29 10:36:00
265,account_14,2024-09-29 10:13:00,completed,NVDA,215.5,90,2024-09-29 10:18:00
266,account_19,2024-09-29 10:18:00,pending,TSLA,275.3,200,2024-09-29 10:23:00
267,account_25,2024-09-29 10:24:00,pending,AMZN,3301.0,130,2024-09-29 10:29:00
268,account_24,2024-09-29 10:23:00,completed,MSFT,296.3,120,2024-09-29 10:28:00
269,account_22,2024-09-29 10:21:00,completed,GOOG,2901.0,70,2024-09-29 10:26:00
270,account_29,2024-09-29 10:28:00,pending,GOOG,2901.25,120,2024-09-29 10:33:00
271,account_7,2024-09-29 10:06:00,pending,NVDA,215.3,80,2024-09-29 10:11:00
272,account_18,2024-09-29 10:17:00,completed,AMZN,3300.8,150,2024-09-29 10:22:00
273,account_18,2024-09-29 10:17:00,completed,AMZN,3300.8,150,2024-09-29 10:22:00
274,account_4,2024-09-29 10:03:00,completed,MSFT,295.7,150,2024-09-29 10:08:00
275,account_33,2024-09-29 10:32:00,pending,TSLA,275.7,90,2024-09-29 10:37:00
276,account_11,2024-09-29 10:10:00,pending,AMZN,3300.6,180,2024-09-29 10:15:00
277,account_4,2024-09-29 10:03:00,completed,MSFT,295.7,150,2024-09-29 10:08:00
278,account_6,2024-09-29 10:05:00,completed,FB,375.0,120,2024-09-29 10:10:00
279,account_1,2024-09-29 10:00:00,pending,AAPL,175.5,100,2024-09-29 10:05:00
280,account_31,2024-09-29 10:30:00,pending,MSFT,296.5,100,2024-09-29 10:35:00
281,account_30,2024-09-29 10:29:00,completed,AAPL,176.5,110,2024-09-29 10:34:00
282,account_31,2024-09-29 10:30:00,pending,MSFT,296.5,100,2024-09-29 10:35:00
283,account_5,2024-09-29 10:04:00,pending,TSLA,275.0,50,2024-09-29 10:09:00
284,account_23,2024-09-29 10:22:00,pending,AAPL,176.2,90,2024-09-29 10:27:00
285,account_15,2024-09-29 10:14:00,pending,GOOG,2900.75,50,2024-09-29 10:19:00
286,account_19,2024-09-29 10:18:00,pending,TSLA,275.3,200,2024-09-29 10:23:00
287,account_20,2024-09-29 10:19:00,completed,FB,376.0,110,2024-09-29 10:24:00
288,account_12,2024-09-29 10:11:00,completed,TSLA,275.1,70,2024-09-29 10:16:00
289,account_7,2024-09-29 10:06:00,pending,NVDA,215.3,80,2024-09-29 10:11:00
290,account_9,2024-09-29 10:08:00,pending,AAPL,175.75,100,2024-09-29 10:13:00
291,account_25,2024-09-29 10:24:00,pending,AMZN,3301.0,130,2024-09-29 10:29:00
292,account_28,2024-09-29 10:27:00,completed,NVDA,215.9,60,2024-09-29 10:32:00
293,account_2,2024-09-29 10:01:00,completed,GOOG,2900.25,50,2024-09-29 10:06:00
294,account_25,2024-09-29 10:24:00,pending,AMZN,3301.0,130,2024-09-29 10:29:00
295,account_19,2024-09-29 10:18:00,pending,TSLA,275.3,200,2024-09-29 10:23:00
296,account_12,2024-09-29 10:11:00,completed,TSLA,275.1,70,2024-09-29 10:16:00
297,account_4,2024-09-29 10:03:00,completed,MSFT,295.7,150,2024-09-29 10:08:00
298,account_1,2024-09-29 10:00:00,pending,AAPL,175.5,100,2024-09-29 10:05:00
299,account_3,2024-09-29 10:02:00,pending,AMZN,3300.45,200,2024-09-29 10:07:00
300,account_33,2024-09-29 10:32:00,pending,TSLA,275.7,90,2024-09-29 10:37:00
301,account_18,2024-09-29 10:17:00,completed,AMZN,3300.8,150,2024-09-29 10:22:00
302,account_16,2024-09-29 10:15:00,completed,AAPL,176.0,120,2024-09-29 10:20:00
303,account_19,2024-09-29 10:18:00,pending,TSLA,275.3,200,2024-09-29 10:23:00
304,account_30,2024-09-29 10:29:00,completed,AAPL,176.5,110,2024-09-29 10:34:00
305,account_1,2024-09-29 10:00:00,pending,AAPL,175.5,100,2024-09-29 10:05:00
306,account_31,2024-09-29 10:30:00,pending,MSFT,296.5,100,2024-09-29 10:35:00
307,account_13,2024-09-29 10:12:00,pending,FB,375.5,140,2024-09-29 10:17:00
308,account_34,2024-09-29 10:33:00,completed,FB,377.0,120,2024-09-29 10:38:00
309,account_31,2024-09-29 10:30:00,pending,MSFT,296.5,100,2024-09-29 10:35:00
310,account_19,2024-09-29 10:18:00,pending,TSLA,275.3,200,2024-09-29 10:23:00
311,account_12,2024-09-29 10:11:00,completed,TSLA,275.1,70,2024-09-29 10:16:00
312,account_7,2024-09-29 10:06:00,pending,NVDA,215.3,80,2024-09-29 10:11:00
313,account_7,2024-09-29 10:06:00,pending,NVDA,215.3,80,2024-09-29 10:11:00
314,account_23,2024-09-29 10:22:00,pending,AAPL,176.2,90,2024-09-29 10:27:00
315,account_32,2024-09-29 10:31:00,completed,AMZN,3301.5,140,2024-09-29 10:36:00
316,account_26,2024-09-29 10:25:00,completed,TSLA,275.5,150,2024-09-29 10:30:00
317,account_12,2024-09-29 10:11:00,completed,TSLA,275.1,70,2024-09-29 10:16:00
318,account_1,2024-09-29 10:00:00,pending,AAPL,175.5,100,2024-09-29 10:05:00
319,account_6,2024-09-29 10:05:00,completed,FB,375.0,120,2024-09-29 10:10:00
320,account_30,2024-09-29 10:29:00,completed,AAPL,176.5,110,2024-09-29 10:34:00
321,account_11,2024-09-29 10:10:00,pending,AMZN,3300.6,180,2024-09-29 10:15:00
322,account_22,2024-09-29 10:21:00,completed,GOOG,2901.0,70,2024-09-29 10:26:00
323,account_1,2024-09-29 10:00:00,pending,AAPL,175.5,100,2024-09-29 10:05:00
324,account_12,2024-09-29 10:11:00,completed,TSLA,275.1,70,2024-09-29 10:16:00
325,account_6,2024-09-29 10:05:00,completed,FB,375.0,120,2024-09-29 10:10:00
326,account_2,2024-09-29 10:01:00,completed,GOOG,2900.25,50,2024-09-29 10:06:00
327,account_19,2024-09-29 10:18:00,pending,TSLA,275.3,200,2024-09-29 10:23:00
328,account_10,2024-09-29 10:09:00,completed,MSFT,295.75,60,2024-09-29 10:14:00
329,account_5,2024-09-29 10:04:00,pending,TSLA,275.0,50,2024-09-29 10:09:00
330,account_11,2024-09-29 10:10:00,pending,AMZN,3300.6,180,2024-09-29 10:15:00
331,account_10,2024-09-29 10:09:00,completed,MSFT,295.75,60,2024-09-29 10:14:00
332,account_14,2024-09-29 10:13:00,completed,NVDA,215.5,90,2024-09-29 10:18:00
333,account_7,2024-09-29 10:06:00,pending,NVDA,215.3,80,2024-09-29 10:11:00
334,account_25,2024-09-29 10:24:00,pending,AMZN,3301.0,130,2024-09-29 10:29:00
335,account_19,2024-09-29 10:18:00,pending,TSLA,275.3,200,2024-09-29 10:23:00
336,account_15,2024-09-29 10:14:00,pending,GOOG,2900.75,50,2024-09-29 10:19:00
337,account_33,2024-09-29 10:32:00,pending,TSLA,275.7,90,2024-09-29 10:37:00
338,account_13,2024-09-29 10:12:00,pending,FB,375.5,140,2024-09-29 10:17:00
339,account_14,2024-09-29 10:13:00,completed,NVDA,215.5,90,2024-09-29 10:18:00
340,account_23,2024-09-29 10:22:00,pending,AAPL,176.2,90,2024-09-29 10:27:00
341,account_26,2024-09-29 10:25:00,completed,TSLA,275.5,150,2024-09-29 10:30:00
342,account_9,2024-09-29 10:08:00,pending,AAPL,175.75,100,2024-09-29 10:13:00
343,account_4,2024-09-29 10:03:00,completed,MSFT,295.7,150,2024-09-29 10:08:00
344,account_21,2024-09-29 10:20:00,pending,NVDA,215.7,80,2024-09-29 10:25:00
345,account_26,2024-09-29 10:25:00,completed,TSLA,275.5,150,2024-09-29 10:30:00
346,account_2,2024-09-29 10:01:00,completed,GOOG,2900.25,50,2024-09-29 10:06:00
347,account_20,2024-09-29 10:19:00,completed,FB,376.0,110,2024-09-29 10:24:00
348,account_30,2024-09-29 10:29:00,completed,AAPL,176.5,110,2024-09-29 10:34:00
349,account_17,2024-09-29 10:16:00,pending,MSFT,296.0,100,2024-09-29 10:21:00
350,account_29,2024-09-29 10:28:00,pending,GOOG,2901.25,120,2024-09-29 10:33:00
351,account_26,2024-09-29 10:25:00,completed,TSLA,275.5,150,2024-09-29 10:30:00
352,account_23,2024-09-29 10:22:00,pending,AAPL,176.2,90,2024-09-29 10:27:00
353,account_16,2024-09-29 10:15:00,completed,AAPL,176.0,120,2024-09-29 10:20:00
354,account_16,2024-09-29 10:15:00,completed,AAPL,176.0,120,2024-09-29 10:20:00
355,account_34,2024-09-29 10:33:00,completed,FB,377.0,120,2024-09-29 10:38:00
356,account_6,2024-09-29 10:05:00,completed,FB,375.0,120,2024-09-29 10:10:00
357,account_8,2024-09-29 10:07:00,completed,GOOG,2900.5,30,2024-09-29 10:12:00
358,account_19,2024-09-29 10:18:00,pending,TSLA,275.3,200,2024-09-29 10:23:00
359,account_34,2024-09-29 10:33:00,completed,FB,377.0,120,2024-09-29 10:38:00
360,account_11,2024-09-29 10:10:00,pending,AMZN,3300.6,180,2024-09-29 10:15:00
361,account_12,2024-09-29 10:11:00,completed,TSLA,275.1,70,2024-09-29 10:16:00
362,account_8,2024-09-29 10:07:00,completed,GOOG,2900.5,30,2024-09-29 10:12:00
363,account_31,2024-09-29 10:30:00,pending,MSFT,296.5,100,2024-09-29 10:35:00
364,account_28,2024-09-29 10:27:00,completed,NVDA,215.9,60,2024-09-29 10:32:00
365,account_12,2024-09-29 10:11:00,completed,TSLA,275.1,70,2024-09-29 10:16:00
366,account_20,2024-09-29 10:19:00,completed,FB,376.0,110,2024-09-29 10:24:00
367,account_30,2024-09-29 10:29:00,completed,AAPL,176.5,110,2024-09-29 10:34:00
368,account_16,2024-09-29 10:15:00,completed,AAPL,176.0,120,2024-09-29 10:20:00
369,account_19,2024-09-29 10:18:00,pending,TSLA,275.3,200,2024-09-29 10:23:00
370,account_11,2024-09-29 10:10:00,pending,AMZN,3300.6,180,2024-09-29 10:15:00
371,account_21,2024-09-29 10:20:00,pending,NVDA,215.7,80,2024-09-29 10:25:00
372,account_21,2024-09-29 10:20:00,pending,NVDA,215.7,80,2024-09-29 10:25:00
373,account_30,2024-09-29 10:29:00,completed,AAPL,176.5,110,2024-09-29 10:34:00
374,account_7,2024-09-29 10:06:00,pending,NVDA,215.3,80,2024-09-29 10:11:00
375,account_20,2024-09-29 10:19:00,completed,FB,376.0,110,2024-09-29 10:24:00
376,account_23,2024-09-29 10:22:00,pending,AAPL,176.2,90,2024-09-29 10:27:00
377,account_14,2024-09-29 10:13:00,completed,NVDA,215.5,90,2024-09-29 10:18:00
378,account_22,2024-09-29 10:21:00,completed,GOOG,2901.0,70,2024-09-29 10:26:00
379,account_21,2024-09-29 10:20:00,pending,NVDA,215.7,80,2024-09-29 10:25:00
380,account_18,2024-09-29 10:17:00,completed,AMZN,3300.8,150,2024-09-29 10:22:00
381,account_28,2024-09-29 10:27:00,completed,NVDA,215.9,60,2024-09-29 10:32:00
382,account_13,2024-09-29 10:12:00,pending,FB,375.5,140,2024-09-29 10:17:00
383,account_15,2024-09-29 10:14:00,pending,GOOG,2900.75,50,2024-09-29 10:19:00
384,account_7,2024-09-29 10:06:00,pending,NVDA,215.3,80,2024-09-29 10:11:00
385,account_18,2024-09-29 10:17:00,completed,AMZN,3300.8,150,2024-09-29 10:22:00
386,account_33,2024-09-29 10:32:00,pending,TSLA,275.7,90,2024-09-29 10:37:00
387,account_28,2024-09-29 10:27:00,completed,NVDA,215.9,60,2024-09-29 10:32:00
388,account_22,2024-09-29 10:21:00,completed,GOOG,2901.0,70,2024-09-29 10:26:00
389,account_24,2024-09-29 10:23:00,completed,MSFT,296.3,120,2024-09-29 10:28:00
390,account_4,2024-09-29 10:03:00,completed,MSFT,295.7,150,2024-09-29 10:08:00
391,account_21,2024-09-29 10:20:00,pending,NVDA,215.7,80,2024-09-29 10:25:00
392,account_6,2024-09-29 10:05:00,completed,FB,375.0,120,2024-09-29 10:10:00
393,account_25,2024-09-29 10:24:00,pending,AMZN,3301.0,130,2024-09-29 10:29:00
394,account_29,2024-09-29 10:28:00,pending,GOOG,2901.25,120,2024-09-29 10:33:00
395,account_9,2024-09-29 10:08:00,pending,AAPL,175.75,100,2024-09-29 10:13:00
396,account_5,2024-09-29 10:04:00,pending,TSLA,275.0,50,2024-09-29 10:09:00
397,account_21,2024-09-29 10:20:00,pending,NVDA,215.7,80,2024-09-29 10:25:00
398,account_3,2024-09-29 10:02:00,pending,AMZN,3300.45,200,2024-09-29 10:07:00
399,account_33,2024-09-29 10:32:00,pending,TSLA,275.7,90,2024-09-29 10:37:00
400,account_32,2024-09-29 10:31:00,completed,AMZN,3301.5,140,2024-09-29 10:36:00
401,account_18,2024-09-29 10:17:00,completed,AMZN,3300.8,150,2024-09-29 10:22:00
402,account_28,2024-09-29 10:27:00,completed,NVDA,215.9,60,2024-09-29 10:32:00
403,account_30,2024-09-29 10:29:00,completed,AAPL,176.5,110,2024-09-29 10:34:00
404,account_12,2024-09-29 10:11:00,completed,TSLA,275.1,70,2024-09-29 10:16:00
405,account_4,2024-09-29 10:03:00,completed,MSFT,295.7,150,2024-09-29 10:08:00
406,account_6,2024-09-29 10:05:00,completed,FB,375.0,120,2024-09-29 10:10:00
407,account_28,2024-09-29 10:27:00,completed,NVDA,215.9,60,2024-09-29 10:32:00
408,account_20,2024-09-29 10:19:00,completed,FB,376.0,110,2024-09-29 10:24:00
409,account_25,2024-09-29 10:24:00,pending,AMZN,3301.0,130,2024-09-29 10:29:00
410,account_10,2024-09-29 10:09:00,completed,MSFT,295.75,60,2024-09-29 10:14:00
411,account_7,2024-09-29 10:06:00,pending,NVDA,215.3,80,2024-09-29 10:11:00
412,account_28,2024-09-29 10:27:00,completed,NVDA,215.9,60,2024-09-29 10:32:00
413,account_15,2024-09-29 10:14:00,pending,GOOG,2900.75,50,2024-09-29 10:19:00
414,account_33,2024-09-29 10:32:00,pending,TSLA,275.7,90,2024-09-29 10:37:00
415,account_6,2024-09-29 10:05:00,completed,FB,375.0,120,2024-09-29 10:10:00
416,account_24,2024-09-29 10:23:00,completed,MSFT,296.3,120,2024-09-29 10:28:00
417,account_21,2024-09-29 10:20:00,pending,NVDA,215.7,80,2024-09-29 10:25:00
418,account_15,2024-09-29 10:14:00,pending,GOOG,2900.75,50,2024-09-29 10:19:00
419,account_33,2024-09-29 10:32:00,pending,TSLA,275.7,90,2024-09-29 10:37:00
420,account_13,2024-09-29 10:12:00,pending,FB,375.5,140,2024-09-29 10:17:00
421,account_4,2024-09-29 10:03:00,completed,MSFT,295.7,150,2024-09-29 10:08:00
422,account_12,2024-09-29 10:11:00,completed,TSLA,275.1,70,2024-09-29 10:16:00
423,account_14,2024-09-29 10:13:00,completed,NVDA,215.5,90,2024-09-29 10:18:00
424,account_26,2024-09-29 10:25:00,completed,TSLA,275.5,150,2024-09-29 10:30:00
425,account_30,2024-09-29 10:29:00,completed,AAPL,176.5,110,2024-09-29 10:34:00
426,account_21,2024-09-29 10:20:00,pending,NVDA,215.7,80,2024-09-29 10:25:00
427,account_13,2024-09-29 10:12:00,pending,FB,375.5,140,2024-09-29 10:17:00
428,account_31,2024-09-29 10:30:00,pending,MSFT,296.5,100,2024-09-29 10:35:00
429,account_27,2024-09-29 10:26:00,pending,FB,376.5,80,2024-09-29 10:31:00
430,account_11,2024-09-29 10:10:00,pending,AMZN,3300.6,180,2024-09-29 10:15:00
431,account_19,2024-09-29 10:18:00,pending,TSLA,275.3,200,2024-09-29 10:23:00
432,account_21,2024-09-29 10:20:00,pending,NVDA,215.7,80,2024-09-29 10:25:00
433,account_26,2024-09-29 10:25:00,completed,TSLA,275.5,150,2024-09-29 10:30:00
434,account_31,2024-09-29 10:30:00,pending,MSFT,296.5,100,2024-09-29 10:35:00
435,account_7,2024-09-29 10:06:00,pending,NVDA,215.3,80,2024-09-29 10:11:00
436,account_4,2024-09-29 10:03:00,completed,MSFT,295.7,150,2024-09-29 10:08:00
437,account_11,2024-09-29 10:10:00,pending,AMZN,3300.6,180,2024-09-29 10:15:00
438,account_24,2024-09-29 10:23:00,completed,MSFT,296.3,120,2024-09-29 10:28:00
439,account_8,2024-09-29 10:07:00,completed,GOOG,2900.5,30,2024-09-29 10:12:00
440,account_2,2024-09-29 10:01:00,completed,GOOG,2900.25,50,2024-09-29 10:06:00
441,account_29,2024-09-29 10:28:00,pending,GOOG,2901.25,120,2024-09-29 10:33:00
442,account_18,2024-09-29 10:17:00,completed,AMZN,3300.8,150,2024-09-29 10:22:00
443,account_25,2024-09-29 10:24:00,pending,AMZN,3301.0,130,2024-09-29 10:29:00
444,account_23,2024-09-29 10:22:00,pending,AAPL,176.2,90,2024-09-29 10:27:00
445,account_32,2024-09-29 10:31:00,completed,AMZN,3301.5,140,2024-09-29 10:36:00
446,account_17,2024-09-29 10:16:00,pending,MSFT,296.0,100,2024-09-29 10:21:00
447,account_19,2024-09-29 10:18:00,pending,TSLA,275.3,200,2024-09-29 10:23:00
448,account_24,2024-09-29 10:23:00,completed,MSFT,296.3,120,2024-09-29 10:28:00
449,account_2,2024-09-29 10:01:00,completed,GOOG,2900.25,50,2024-09-29 10:06:00
450,account_1,2024-09-29 10:00:00,pending,AAPL,175.5,100,2024-09-29 10:05:00
451,account_14,2024-09-29 10:13:00,completed,NVDA,215.5,90,2024-09-29 10:18:00
452,account_6,2024-09-29 10:05:00,completed,FB,375.0,120,2024-09-29 10:10:00
453,account_34,2024-09-29 10:33:00,completed,FB,377.0,120,2024-09-29 10:38:00
454,account_2,2024-09-29 10:01:00,completed,GOOG,2900.25,50,2024-09-29 10:06:00
455,account_27,2024-09-29 10:26:00,pending,FB,376.5,80,2024-09-29 10:31:00
456,account_13,2024-09-29 10:12:00,pending,FB,375.5,140,2024-09-29 10:17:00
457,account_29,2024-09-29 10:28:00,pending,GOOG,2901.25,120,2024-09-29 10:33:00
458,account_29,2024-09-29 10:28:00,pending,GOOG,2901.25,120,2024-09-29 10:33:00
459,account_8,2024-09-29 10:07:00,completed,GOOG,2900.5,30,2024-09-29 10:12:00
460,account_29,2024-09-29 10:28:00,pending,GOOG,2901.25,120,2024-09-29 10:33:00
461,account_26,2024-09-29 10:25:00,completed,TSLA,275.5,150,2024-09-29 10:30:00
462,account_17,2024-09-29 10:16:00,pending,MSFT,296.0,100,2024-09-29 10:21:00
463,account_31,2024-09-29 10:30:00,pending,MSFT,296.5,100,2024-09-29 10:35:00
464,account_1,2024-09-29 10:00:00,pending,AAPL,175.5,100,2024-09-29 10:05:00
465,account_29,2024-09-29 10:28:00,pending,GOOG,2901.25,120,2024-09-29 10:33:00
466,account_11,2024-09-29 10:10:00,pending,AMZN,3300.6,180,2024-09-29 10:15:00
467,account_11,2024-09-29 10:10:00,pending,AMZN,3300.6,180,2024-09-29 10:15:00
468,account_18,2024-09-29 10:17:00,completed,AMZN,3300.8,150,2024-09-29 10:22:00
469,account_22,2024-09-29 10:21:00,completed,GOOG,2901.0,70,2024-09-29 10:26:00
470,account_15,2024-09-29 10:14:00,pending,GOOG,2900.75,50,2024-09-29 10:19:00
471,account_34,2024-09-29 10:33:00,completed,FB,377.0,120,2024-09-29 10:38:00
472,account_8,2024-09-29 10:07:00,completed,GOOG,2900.5,30,2024-09-29 10:12:00
473,account_32,2024-09-29 10:31:00,completed,AMZN,3301.5,140,2024-09-29 10:36:00
474,account_1,2024-09-29 10:00:00,pending,AAPL,175.5,100,2024-09-29 10:05:00
475,account_34,2024-09-29 10:33:00,completed,FB,377.0,120,2024-09-29 10:38:00
476,account_13,2024-09-29 10:12:00,pending,FB,375.5,140,2024-09-29 10:17:00
477,account_8,2024-09-29 10:07:00,completed,GOOG,2900.5,30,2024-09-29 10:12:00
478,account_23,2024-09-29 10:22:00,pending,AAPL,176.2,90,2024-09-29 10:27:00
479,account_9,2024-09-29 10:08:00,pending,AAPL,175.75,100,2024-09-29 10:13:00
480,account_33,2024-09-29 10:32:00,pending,TSLA,275.7,90,2024-09-29 10:37:00
481,account_17,2024-09-29 10:16:00,pending,MSFT,296.0,100,2024-09-29 10:21:00
482,account_30,2024-09-29 10:29:00,completed,AAPL,176.5,110,2024-09-29 10:34:00
483,account_18,2024-09-29 10:17:00,completed,AMZN,3300.8,150,2024-09-29 10:22:00
484,account_21,2024-09-29 10:20:00,pending,NVDA,215.7,80,2024-09-29 10:25:00
485,account_15,2024-09-29 10:14:00,pending,GOOG,2900.75,50,2024-09-29 10:19:00
486,account_27,2024-09-29 10:26:00,pending,FB,376.5,80,2024-09-29 10:31:00
487,account_4,2024-09-29 10:03:00,completed,MSFT,295.7,150,2024-09-29 10:08:00
488,account_26,2024-09-29 10:25:00,completed,TSLA,275.5,150,2024-09-29 10:30:00
489,account_10,2024-09-29 10:09:00,completed,MSFT,295.75,60,2024-09-29 10:14:00
490,account_8,2024-09-29 10:07:00,completed,GOOG,2900.5,30,2024-09-29 10:12:00
491,account_10,2024-09-29 10:09:00,completed,MSFT,295.75,60,2024-09-29 10:14:00
492,account_32,2024-09-29 10:31:00,completed,AMZN,3301.5,140,2024-09-29 10:36:00
493,account_16,2024-09-29 10:15:00,completed,AAPL,176.0,120,2024-09-29 10:20:00
494,account_29,2024-09-29 10:28:00,pending,GOOG,2901.25,120,2024-09-29 10:33:00
495,account_4,2024-09-29 10:03:00,completed,MSFT,295.7,150,2024-09-29 10:08:00
496,account_33,2024-09-29 10:32:00,pending,TSLA,275.7,90,2024-09-29 10:37:00
497,account_20,2024-09-29 10:19:00,completed,FB,376.0,110,2024-09-29 10:24:00
498,account_28,2024-09-29 10:27:00,completed,NVDA,215.9,60,2024-09-29 10:32:00
499,account_32,2024-09-29 10:31:00,completed,AMZN,3301.5,140,2024-09-29 10:36:00
500,account_21,2024-09-29 10:20:00,pending,NVDA,215.7,80,2024-09-29 10:25:00
501,account_9,2024-09-29 10:08:00,pending,AAPL,175.75,100,2024-09-29 10:13:00
502,account_34,2024-09-29 10:33:00,completed,FB,377.0,120,2024-09-29 10:38:00
503,account_16,2024-09-29 10:15:00,completed,AAPL,176.0,120,2024-09-29 10:20:00
504,account_19,2024-09-29 10:18:00,pending,TSLA,275.3,200,2024-09-29 10:23:00
505,account_20,2024-09-29 10:19:00,completed,FB,376.0,110,2024-09-29 10:24:00
506,account_2,2024-09-29 10:01:00,completed,GOOG,2900.25,50,2024-09-29 10:06:00
507,account_17,2024-09-29 10:16:00,pending,MSFT,296.0,100,2024-09-29 10:21:00
508,account_3,2024-09-29 10:02:00,pending,AMZN,3300.45,200,2024-09-29 10:07:00
509,account_6,2024-09-29 10:05:00,completed,FB,375.0,120,2024-09-29 10:10:00
510,account_34,2024-09-29 10:33:00,completed,FB,377.0,120,2024-09-29 10:38:00
511,account_15,2024-09-29 10:14:00,pending,GOOG,2900.75,50,2024-09-29 10:19:00
512,account_24,2024-09-29 10:23:00,completed,MSFT,296.3,120,2024-09-29 10:28:00
513,account_8,2024-09-29 10:07:00,completed,GOOG,2900.5,30,2024-09-29 10:12:00
514,account_25,2024-09-29 10:24:00,pending,AMZN,3301.0,130,2024-09-29 10:29:00
515,account_12,2024-09-29 10:11:00,completed,TSLA,275.1,70,2024-09-29 10:16:00
516,account_28,2024-09-29 10:27:00,completed,NVDA,215.9,60,2024-09-29 10:32:00
517,account_29,2024-09-29 10:28:00,pending,GOOG,2901.25,120,2024-09-29 10:33:00
518,account_8,2024-09-29 10:07:00,completed,GOOG,2900.5,30,2024-09-29 10:12:00
519,account_7,2024-09-29 10:06:00,pending,NVDA,215.3,80,2024-09-29 10:11:00
520,account_33,2024-09-29 10:32:00,pending,TSLA,275.7,90,2024-09-29 10:37:00
521,account_25,2024-09-29 10:24:00,pending,AMZN,3301.0,130,2024-09-29 10:29:00
522,account_21,2024-09-29 10:20:00,pending,NVDA,215.7,80,2024-09-29 10:25:00
523,account_23,2024-09-29 10:22:00,pending,AAPL,176.2,90,2024-09-29 10:27:00
524,account_6,2024-09-29 10:05:00,completed,FB,375.0,120,2024-09-29 10:10:00
525,account_32,2024-09-29 10:31:00,completed,AMZN,3301.5,140,2024-09-29 10:36:00
526,account_11,2024-09-29 10:10:00,pending,AMZN,3300.6,180,2024-09-29 10:15:00
527,account_25,2024-09-29 10:24:00,pending,AMZN,3301.0,130,2024-09-29 10:29:00
528,account_23,2024-09-29 10:22:00,pending,AAPL,176.2,90,2024-09-29 10:27:00
529,account_25,2024-09-29 10:24:00,pending,AMZN,3301.0,130,2024-09-29 10:29:00
530,account_20,2024-09-29 10:19:00,completed,FB,376.0,110,2024-09-29 10:24:00
531,account_12,2024-09-29 10:11:00,completed,TSLA,275.1,70,2024-09-29 10:16:00
532,account_34,2024-09-29 10:33:00,completed,FB,377.0,120,2024-09-29 10:38:00
533,account_5,2024-09-29 10:04:00,pending,TSLA,275.0,50,2024-09-29 10:09:00
534,account_13,2024-09-29 10:12:00,pending,FB,375.5,140,2024-09-29 10:17:00
535,account_12,2024-09-29 10:11:00,completed,TSLA,275.1,70,2024-09-29 10:16:00
536,account_16,2024-09-29 10:15:00,completed,AAPL,176.0,120,2024-09-29 10:20:00
537,account_6,2024-09-29 10:05:00,completed,FB,375.0,120,2024-09-29 10:10:00
538,account_16,2024-09-29 10:15:00,completed,AAPL,176.0,120,2024-09-29 10:20:00
539,account_12,2024-09-29 10:11:00,completed,TSLA,275.1,70,2024-09-29 10:16:00
540,account_34,2024-09-29 10:33:00,completed,FB,377.0,120,2024-09-29 10:38:00
541,account_3,2024-09-29 10:02:00,pending,AMZN,3300.45,200,2024-09-29 10:07:00
542,account_4,2024-09-29 10:03:00,completed,MSFT,295.7,150,2024-09-29 10:08:00
543,account_10,2024-09-29 10:09:00,completed,MSFT,295.75,60,2024-09-29 10:14:00
544,account_24,2024-09-29 10:23:00,completed,MSFT,296.3,120,2024-09-29 10:28:00
545,account_33,2024-09-29 10:32:00,pending,TSLA,275.7,90,2024-09-29 10:37:00
546,account_5,2024-09-29 10:04:00,pending,TSLA,275.0,50,2024-09-29 10:09:00
547,account_7,2024-09-29 10:06:00,pending,NVDA,215.3,80,2024-09-29 10:11:00
548,account_4,2024-09-29 10:03:00,completed,MSFT,295.7,150,2024-09-29 10:08:00
549,account_21,2024-09-29 10:20:00,pending,NVDA,215.7,80,2024-09-29 10:25:00
550,account_26,2024-09-29 10:25:00,completed,TSLA,275.5,150,2024-09-29 10:30:00
551,account_22,2024-09-29 10:21:00,completed,GOOG,2901.0,70,2024-09-29 10:26:00
552,account_8,2024-09-29 10:07:00,completed,GOOG,2900.5,30,2024-09-29 10:12:00
553,account_5,2024-09-29 10:04:00,pending,TSLA,275.0,50,2024-09-29 10:09:00
554,account_21,2024-09-29 10:20:00,pending,NVDA,215.7,80,2024-09-29 10:25:00
555,account_17,2024-09-29 10:16:00,pending,MSFT,296.0,100,2024-09-29 10:21:00
556,account_7,2024-09-29 10:06:00,pending,NVDA,215.3,80,2024-09-29 10:11:00
557,account_17,2024-09-29 10:16:00,pending,MSFT,296.0,100,2024-09-29 10:21:00
558,account_8,2024-09-29 10:07:00,completed,GOOG,2900.5,30,2024-09-29 10:12:00
559,account_27,2024-09-29 10:26:00,pending,FB,376.5,80,2024-09-29 10:31:00
560,account_4,2024-09-29 10:03:00,completed,MSFT,295.7,150,2024-09-29 10:08:00
561,account_32,2024-09-29 10:31:00,completed,AMZN,3301.5,140,2024-09-29 10:36:00
562,account_29,2024-09-29 10:28:00,pending,GOOG,2901.25,120,2024-09-29 10:33:00
563,account_24,2024-09-29 10:23:00,completed,MSFT,296.3,120,2024-09-29 10:28:00
564,account_6,2024-09-29 10:05:00,completed,FB,375.0,120,2024-09-29 10:10:00
565,account_21,2024-09-29 10:20:00,pending,NVDA,215.7,80,2024-09-29 10:25:00
566,account_34,2024-09-29 10:33:00,completed,FB,377.0,120,2024-09-29 10:38:00
567,account_30,2024-09-29 10:29:00,completed,AAPL,176.5,110,2024-09-29 10:34:00
568,account_9,2024-09-29 10:08:00,pending,AAPL,175.75,100,2024-09-29 10:13:00
569,account_19,2024-09-29 10:18:00,pending,TSLA,275.3,200,2024-09-29 10:23:00
570,account_13,2024-09-29 10:12:00,pending,FB,375.5,140,2024-09-29 10:17:00
571,account_10,2024-09-29 10:09:00,completed,MSFT,295.75,60,2024-09-29 10:14:00
572,account_14,2024-09-29 10:13:00,completed,NVDA,215.5,90,2024-09-29 10:18:00
573,account_2,2024-09-29 10:01:00,completed,GOOG,2900.25,50,2024-09-29 10:06:00
574,account_2,2024-09-29 10:01:00,completed,GOOG,2900.25,50,2024-09-29 10:06:00
575,account_28,2024-09-29 10:27:00,completed,NVDA,215.9,60,2024-09-29 10:32:00
576,account_5,2024-09-29 10:04:00,pending,TSLA,275.0,50,2024-09-29 10:09:00
577,account_18,2024-09-29 10:17:00,completed,AMZN,3300.8,150,2024-09-29 10:22:00
578,account_4,2024-09-29 10:03:00,completed,MSFT,295.7,150,2024-09-29 10:08:00
579,account_27,2024-09-29 10:26:00,pending,FB,376.5,80,2024-09-29 10:31:00
580,account_14,2024-09-29 10:13:00,completed,NVDA,215.5,90,2024-09-29 10:18:00
581,account_19,2024-09-29 10:18:00,pending,TSLA,275.3,200,2024-09-29 10:23:00
582,account_16,2024-09-29 10:15:00,completed,AAPL,176.0,120,2024-09-29 10:20:00
583,account_15,2024-09-29 10:14:00,pending,GOOG,2900.75,50,2024-09-29 10:19:00
584,account_21,2024-09-29 10:20:00,pending,NVDA,215.7,80,2024-09-29 10:25:00
585,account_24,2024-09-29 10:23:00,completed,MSFT,296.3,120,2024-09-29 10:28:00
586,account_5,2024-09-29 10:04:00,pending,TSLA,275.0,50,2024-09-29 10:09:00
587,account_18,2024-09-29 10:17:00,completed,AMZN,3300.8,150,2024-09-29 10:22:00
588,account_28,2024-09-29 10:27:00,completed,NVDA,215.9,60,2024-09-29 10:32:00
589,account_28,2024-09-29 10:27:00,completed,NVDA,215.9,60,2024-09-29 10:32:00
590,account_21,2024-09-29 10:20:00,pending,NVDA,215.7,80,2024-09-29 10:25:00
591,account_13,2024-09-29 10:12:00,pending,FB,375.5,140,2024-09-29 10:17:00
592,account_19,2024-09-29 10:18:00,pending,TSLA,275.3,200,2024-09-29 10:23:00
593,account_26,2024-09-29 10:25:00,completed,TSLA,275.5,150,2024-09-29 10:30:00
594,account_34,2024-09-29 10:33:00,completed,FB,377.0,120,2024-09-29 10:38:00
595,account_11,2024-09-29 10:10:00,pending,AMZN,3300.6,180,2024-09-29 10:15:00
596,account_13,2024-09-29 10:12:00,pending,FB,375.5,140,2024-09-29 10:17:00
597,account_4,2024-09-29 10:03:00,completed,MSFT,295.7,150,2024-09-29 10:08:00
598,account_28,2024-09-29 10:27:00,completed,NVDA,215.9,60,2024-09-29 10:32:00
599,account_1,2024-09-29 10:00:00,pending,AAPL,175.5,100,2024-09-29 10:05:00
600,account_18,2024-09-29 10:17:00,completed,AMZN,3300.8,150,2024-09-29 10:22:00
601,account_24,2024-09-29 10:23:00,completed,MSFT,296.3,120,2024-09-29 10:28:00
602,account_22,2024-09-29 10:21:00,completed,GOOG,2901.0,70,2024-09-29 10:26:00
603,account_24,2024-09-29 10:23:00,completed,MSFT,296.3,120,2024-09-29 10:28:00
604,account_6,2024-09-29 10:05:00,completed,FB,375.0,120,2024-09-29 10:10:00
605,account_9,2024-09-29 10:08:00,pending,AAPL,175.75,100,2024-09-29 10:13:00
606,account_34,2024-09-29 10:33:00,completed,FB,377.0,120,2024-09-29 10:38:00
607,account_32,2024-09-29 10:31:00,completed,AMZN,3301.5,140,2024-09-29 10:36:00
608,account_25,2024-09-29 10:24:00,pending,AMZN,3301.0,130,2024-09-29 10:29:00
609,account_2,2024-09-29 10:01:00,completed,GOOG,2900.25,50,2024-09-29 10:06:00
610,account_11,2024-09-29 10:10:00,pending,AMZN,3300.6,180,2024-09-29 10:15:00
611,account_15,2024-09-29 10:14:00,pending,GOOG,2900.75,50,2024-09-29 10:19:00
612,account_20,2024-09-29 10:19:00,completed,FB,376.0,110,2024-09-29 10:24:00
613,account_7,2024-09-29 10:06:00,pending,NVDA,215.3,80,2024-09-29 10:11:00
614,account_32,2024-09-29 10:31:00,completed,AMZN,3301.5,140,2024-09-29 10:36:00
615,account_29,2024-09-29 10:28:00,pending,GOOG,2901.25,120,2024-09-29 10:33:00
616,account_16,2024-09-29 10:15:00,completed,AAPL,176.0,120,2024-09-29 10:20:00
617,account_1,2024-09-29 10:00:00,pending,AAPL,175.5,100,2024-09-29 10:05:00
618,account_14,2024-09-29 10:13:00,completed,NVDA,215.5,90,2024-09-29 10:18:00
619,account_33,2024-09-29 10:32:00,pending,TSLA,275.7,90,2024-09-29 10:37:00
620,account_26,2024-09-29 10:25:00,completed,TSLA,275.5,150,2024-09-29 10:30:00
621,account_6,2024-09-29 10:05:00,completed,FB,375.0,120,2024-09-29 10:10:00
622,account_23,2024-09-29 10:22:00,pending,AAPL,176.2,90,2024-09-29 10:27:00
623,account_21,2024-09-29 10:20:00,pending,NVDA,215.7,80,2024-09-29 10:25:00
624,account_9,2024-09-29 10:08:00,pending,AAPL,175.75,100,2024-09-29 10:13:00
625,account_12,2024-09-29 10:11:00,completed,TSLA,275.1,70,2024-09-29 10:16:00
626,account_2,2024-09-29 10:01:00,completed,GOOG,2900.25,50,2024-09-29 10:06:00
627,account_33,2024-09-29 10:32:00,pending,TSLA,275.7,90,2024-09-29 10:37:00
628,account_21,2024-09-29 10:20:00,pending,NVDA,215.7,80,2024-09-29 10:25:00
629,account_32,2024-09-29 10:31:00,completed,AMZN,3301.5,140,2024-09-29 10:36:00
630,account_32,2024-09-29 10:31:00,completed,AMZN,3301.5,140,2024-09-29 10:36:00
631,account_13,2024-09-29 10:12:00,pending,FB,375.5,140,2024-09-29 10:17:00
632,account_14,2024-09-29 10:13:00,completed,NVDA,215.5,90,2024-09-29 10:18:00
633,account_30,2024-09-29 10:29:00,completed,AAPL,176.5,110,2024-09-29 10:34:00
634,account_3,2024-09-29 10:02:00,pending,AMZN,3300.45,200,2024-09-29 10:07:00
635,account_13,2024-09-29 10:12:00,pending,FB,375.5,140,2024-09-29 10:17:00
636,account_24,2024-09-29 10:23:00,completed,MSFT,296.3,120,2024-09-29 10:28:00
637,account_2,2024-09-29 10:01:00,completed,GOOG,2900.25,50,2024-09-29 10:06:00
638,account_9,2024-09-29 10:08:00,pending,AAPL,175.75,100,2024-09-29 10:13:00
639,account_5,2024-09-29 10:04:00,pending,TSLA,275.0,50,2024-09-29 10:09:00
640,account_33,2024-09-29 10:32:00,pending,TSLA,275.7,90,2024-09-29 10:37:00
641,account_12,2024-09-29 10:11:00,completed,TSLA,275.1,70,2024-09-29 10:16:00
642,account_33,2024-09-29 10:32:00,pending,TSLA,275.7,90,2024-09-29 10:37:00
643,account_33,2024-09-29 10:32:00,pending,TSLA,275.7,90,2024-09-29 10:37:00
644,account_29,2024-09-29 10:28:00,pending,GOOG,2901.25,120,2024-09-29 10:33:00
645,account_18,2024-09-29 10:17:00,completed,AMZN,3300.8,150,2024-09-29 10:22:00
646,account_28,2024-09-29 10:27:00,completed,NVDA,215.9,60,2024-09-29 10:32:00
647,account_26,2024-09-29 10:25:00,completed,TSLA,275.5,150,2024-09-29 10:30:00
648,account_12,2024-09-29 10:11:00,completed,TSLA,275.1,70,2024-09-29 10:16:00
649,account_30,2024-09-29 10:29:00,completed,AAPL,176.5,110,2024-09-29 10:34:00
650,account_20,2024-09-29 10:19:00,completed,FB,376.0,110,2024-09-29 10:24:00
651,account_29,2024-09-29 10:28:00,pending,GOOG,2901.25,120,2024-09-29 10:33:00
652,account_15,2024-09-29 10:14:00,pending,GOOG,2900.75,50,2024-09-29 10:19:00
653,account_19,2024-09-29 10:18:00,pending,TSLA,275.3,200,2024-09-29 10:23:00
654,account_6,2024-09-29 10:05:00,completed,FB,375.0,120,2024-09-29 10:10:00
655,account_22,2024-09-29 10:21:00,completed,GOOG,2901.0,70,2024-09-29 10:26:00
656,account_2,2024-09-29 10:01:00,completed,GOOG,2900.25,50,2024-09-29 10:06:00
657,account_27,2024-09-29 10:26:00,pending,FB,376.5,80,2024-09-29 10:31:00
658,account_2,2024-09-29 10:01:00,completed,GOOG,2900.25,50,2024-09-29 10:06:00
659,account_14,2024-09-29 10:13:00,completed,NVDA,215.5,90,2024-09-29 10:18:00
660,account_33,2024-09-29 10:32:00,pending,TSLA,275.7,90,2024-09-29 10:37:00
661,account_20,2024-09-29 10:19:00,completed,FB,376.0,110,2024-09-29 10:24:00
662,account_34,2024-09-29 10:33:00,completed,FB,377.0,120,2024-09-29 10:38:00
663,account_2,2024-09-29 10:01:00,completed,GOOG,2900.25,50,2024-09-29 10:06:00
664,account_16,2024-09-29 10:15:00,completed,AAPL,176.0,120,2024-09-29 10:20:00
665,account_4,2024-09-29 10:03:00,completed,MSFT,295.7,150,2024-09-29 10:08:00
666,account_28,2024-09-29 10:27:00,completed,NVDA,215.9,60,2024-09-29 10:32:00
667,account_5,2024-09-29 10:04:00,pending,TSLA,275.0,50,2024-09-29 10:09:00
668,account_22,2024-09-29 10:21:00,completed,GOOG,2901.0,70,2024-09-29 10:26:00
669,account_2,2024-09-29 10:01:00,completed,GOOG,2900.25,50,2024-09-29 10:06:00
670,account_32,2024-09-29 10:31:00,completed,AMZN,3301.5,140,2024-09-29 10:36:00
671,account_4,2024-09-29 10:03:00,completed,MSFT,295.7,150,2024-09-29 10:08:00
672,account_27,2024-09-29 10:26:00,pending,FB,376.5,80,2024-09-29 10:31:00
673,account_34,2024-09-29 10:33:00,completed,FB,377.0,120,2024-09-29 10:38:00
674,account_15,2024-09-29 10:14:00,pending,GOOG,2900.75,50,2024-09-29 10:19:00
675,account_23,2024-09-29 10:22:00,pending,AAPL,176.2,90,2024-09-29 10:27:00
676,account_8,2024-09-29 10:07:00,completed,GOOG,2900.5,30,2024-09-29 10:12:00
677,account_12,2024-09-29 10:11:00,completed,TSLA,275.1,70,2024-09-29 10:16:00
678,account_18,2024-09-29 10:17:00,completed,AMZN,3300.8,150,2024-09-29 10:22:00
679,account_14,2024-09-29 10:13:00,completed,NVDA,215.5,90,2024-09-29 10:18:00
680,account_21,2024-09-29 10:20:00,pending,NVDA,215.7,80,2024-09-29 10:25:00
681,account_20,2024-09-29 10:19:00,completed,FB,376.0,110,2024-09-29 10:24:00
682,account_16,2024-09-29 10:15:00,completed,AAPL,176.0,120,2024-09-29 10:20:00
683,account_15,2024-09-29 10:14:00,pending,GOOG,2900.75,50,2024-09-29 10:19:00
684,account_2,2024-09-29 10:01:00,completed,GOOG,2900.25,50,2024-09-29 10:06:00
685,account_29,2024-09-29 10:28:00,pending,GOOG,2901.25,120,2024-09-29 10:33:00
686,account_18,2024-09-29 10:17:00,completed,AMZN,3300.8,150,2024-09-29 10:22:00
687,account_2,2024-09-29 10:01:00,completed,GOOG,2900.25,50,2024-09-29 10:06:00
688,account_26,2024-09-29 10:25:00,completed,TSLA,275.5,150,2024-09-29 10:30:00
689,account_16,2024-09-29 10:15:00,completed,AAPL,176.0,120,2024-09-29 10:20:00
690,account_10,2024-09-29 10:09:00,completed,MSFT,295.75,60,2024-09-29 10:14:00
691,account_29,2024-09-29 10:28:00,pending,GOOG,2901.25,120,2024-09-29 10:33:00
692,account_1,2024-09-29 10:00:00,pending,AAPL,175.5,100,2024-09-29 10:05:00
693,account_21,2024-09-29 10:20:00,pending,NVDA,215.7,80,2024-09-29 10:25:00
694,account_10,2024-09-29 10:09:00,completed,MSFT,295.75,60,2024-09-29 10:14:00
695,account_23,2024-09-29 10:22:00,pending,AAPL,176.2,90,2024-09-29 10:27:00
696,account_29,2024-09-29 10:28:00,pending,GOOG,2901.25,120,2024-09-29 10:33:00
697,account_12,2024-09-29 10:11:00,completed,TSLA,275.1,70,2024-09-29 10:16:00
698,account_26,2024-09-29 10:25:00,completed,TSLA,275.5,150,2024-09-29 10:30:00
699,account_17,2024-09-29 10:16:00,pending,MSFT,296.0,100,2024-09-29 10:21:00
700,account_21,2024-09-29 10:20:00,pending,NVDA,215.7,80,2024-09-29 10:25:00
701,account_2,2024-09-29 10:01:00,completed,GOOG,2900.25,50,2024-09-29 10:06:00
702,account_7,2024-09-29 10:06:00,pending,NVDA,215.3,80,2024-09-29 10:11:00
703,account_25,2024-09-29 10:24:00,pending,AMZN,3301.0,130,2024-09-29 10:29:00
704,account_28,2024-09-29 10:27:00,completed,NVDA,215.9,60,2024-09-29 10:32:00
705,account_14,2024-09-29 10:13:00,completed,NVDA,215.5,90,2024-09-29 10:18:00
706,account_6,2024-09-29 10:05:00,completed,FB,375.0,120,2024-09-29 10:10:00
707,account_27,2024-09-29 10:26:00,pending,FB,376.5,80,2024-09-29 10:31:00
708,account_18,2024-09-29 10:17:00,completed,AMZN,3300.8,150,2024-09-29 10:22:00
709,account_16,2024-09-29 10:15:00,completed,AAPL,176.0,120,2024-09-29 10:20:00
710,account_3,2024-09-29 10:02:00,pending,AMZN,3300.45,200,2024-09-29 10:07:00
711,account_8,2024-09-29 10:07:00,completed,GOOG,2900.5,30,2024-09-29 10:12:00
712,account_18,2024-09-29 10:17:00,completed,AMZN,3300.8,150,2024-09-29 10:22:00
713,account_13,2024-09-29 10:12:00,pending,FB,375.5,140,2024-09-29 10:17:00
714,account_12,2024-09-29 10:11:00,completed,TSLA,275.1,70,2024-09-29 10:16:00
715,account_5,2024-09-29 10:04:00,pending,TSLA,275.0,50,2024-09-29 10:09:00
716,account_30,2024-09-29 10:29:00,completed,AAPL,176.5,110,2024-09-29 10:34:00
717,account_13,2024-09-29 10:12:00,pending,FB,375.5,140,2024-09-29 10:17:00
718,account_15,2024-09-29 10:14:00,pending,GOOG,2900.75,50,2024-09-29 10:19:00
719,account_34,2024-09-29 10:33:00,completed,FB,377.0,120,2024-09-29 10:38:00
720,account_29,2024-09-29 10:28:00,pending,GOOG,2901.25,120,2024-09-29 10:33:00
721,account_12,2024-09-29 10:11:00,completed,TSLA,275.1,70,2024-09-29 10:16:00
722,account_30,2024-09-29 10:29:00,completed,AAPL,176.5,110,2024-09-29 10:34:00
723,account_31,2024-09-29 10:30:00,pending,MSFT,296.5,100,2024-09-29 10:35:00
724,account_34,2024-09-29 10:33:00,completed,FB,377.0,120,2024-09-29 10:38:00
725,account_26,2024-09-29 10:25:00,completed,TSLA,275.5,150,2024-09-29 10:30:00
726,account_25,2024-09-29 10:24:00,pending,AMZN,3301.0,130,2024-09-29 10:29:00
727,account_13,2024-09-29 10:12:00,pending,FB,375.5,140,2024-09-29 10:17:00
728,account_21,2024-09-29 10:20:00,pending,NVDA,215.7,80,2024-09-29 10:25:00
729,account_9,2024-09-29 10:08:00,pending,AAPL,175.75,100,2024-09-29 10:13:00
730,account_33,2024-09-29 10:32:00,pending,TSLA,275.7,90,2024-09-29 10:37:00
731,account_14,2024-09-29 10:13:00,completed,NVDA,215.5,90,2024-09-29 10:18:00
732,account_24,2024-09-29 10:23:00,completed,MSFT,296.3,120,2024-09-29 10:28:00
733,account_25,2024-09-29 10:24:00,pending,AMZN,3301.0,130,2024-09-29 10:29:00
734,account_8,2024-09-29 10:07:00,completed,GOOG,2900.5,30,2024-09-29 10:12:00
735,account_9,2024-09-29 10:08:00,pending,AAPL,175.75,100,2024-09-29 10:13:00
736,account_14,2024-09-29 10:13:00,completed,NVDA,215.5,90,2024-09-29 10:18:00
737,account_14,2024-09-29 10:13:00,completed,NVDA,215.5,90,2024-09-29 10:18:00
738,account_31,2024-09-29 10:30:00,pending,MSFT,296.5,100,2024-09-29 10:35:00
739,account_5,2024-09-29 10:04:00,pending,TSLA,275.0,50,2024-09-29 10:09:00
740,account_24,2024-09-29 10:23:00,completed,MSFT,296.3,120,2024-09-29 10:28:00
741,account_7,2024-09-29 10:06:00,pending,NVDA,215.3,80,2024-09-29 10:11:00
742,account_21,2024-09-29 10:20:00,pending,NVDA,215.7,80,2024-09-29 10:25:00
743,account_32,2024-09-29 10:31:00,completed,AMZN,3301.5,140,2024-09-29 10:36:00
744,account_22,2024-09-29 10:21:00,completed,GOOG,2901.0,70,2024-09-29 10:26:00
745,account_28,2024-09-29 10:27:00,completed,NVDA,215.9,60,2024-09-29 10:32:00
746,account_3,2024-09-29 10:02:00,pending,AMZN,3300.45,200,2024-09-29 10:07:00
747,account_9,2024-09-29 10:08:00,pending,AAPL,175.75,100,2024-09-29 10:13:00
748,account_4,2024-09-29 10:03:00,completed,MSFT,295.7,150,2024-09-29 10:08:00
749,account_10,2024-09-29 10:09:00,completed,MSFT,295.75,60,2024-09-29 10:14:00
750,account_32,2024-09-29 10:31:00,completed,AMZN,3301.5,140,2024-09-29 10:36:00
751,account_16,2024-09-29 10:15:00,completed,AAPL,176.0,120,2024-09-29 10:20:00
752,account_30,2024-09-29 10:29:00,completed,AAPL,176.5,110,2024-09-29 10:34:00
753,account_30,2024-09-29 10:29:00,completed,AAPL,176.5,110,2024-09-29 10:34:00
754,account_8,2024-09-29 10:07:00,completed,GOOG,2900.5,30,2024-09-29 10:12:00
755,account_22,2024-09-29 10:21:00,completed,GOOG,2901.0,70,2024-09-29 10:26:00
756,account_18,2024-09-29 10:17:00,completed,AMZN,3300.8,150,2024-09-29 10:22:00
757,account_12,2024-09-29 10:11:00,completed,TSLA,275.1,70,2024-09-29 10:16:00
758,account_5,2024-09-29 10:04:00,pending,TSLA,275.0,50,2024-09-29 10:09:00
759,account_11,2024-09-29 10:10:00,pending,AMZN,3300.6,180,2024-09-29 10:15:00
760,account_19,2024-09-29 10:18:00,pending,TSLA,275.3,200,2024-09-29 10:23:00
761,account_31,2024-09-29 10:30:00,pending,MSFT,296.5,100,2024-09-29 10:35:00
762,account_24,2024-09-29 10:23:00,completed,MSFT,296.3,120,2024-09-29 10:28:00
763,account_29,2024-09-29 10:28:00,pending,GOOG,2901.25,120,2024-09-29 10:33:00
764,account_19,2024-09-29 10:18:00,pending,TSLA,275.3,200,2024-09-29 10:23:00
765,account_13,2024-09-29 10:12:00,pending,FB,375.5,140,2024-09-29 10:17:00
766,account_16,2024-09-29 10:15:00,completed,AAPL,176.0,120,2024-09-29 10:20:00
767,account_2,2024-09-29 10:01:00,completed,GOOG,2900.25,50,2024-09-29 10:06:00
768,account_18,2024-09-29 10:17:00,completed,AMZN,3300.8,150,2024-09-29 10:22:00
769,account_16,2024-09-29 10:15:00,completed,AAPL,176.0,120,2024-09-29 10:20:00
770,account_24,2024-09-29 10:23:00,completed,MSFT,296.3,120,2024-09-29 10:28:00
771,account_27,2024-09-29 10:26:00,pending,FB,376.5,80,2024-09-29 10:31:00
772,account_30,2024-09-29 10:29:00,completed,AAPL,176.5,110,2024-09-29 10:34:00
773,account_26,2024-09-29 10:25:00,completed,TSLA,275.5,150,2024-09-29 10:30:00
774,account_9,2024-09-29 10:08:00,pending,AAPL,175.75,100,2024-09-29 10:13:00
775,account_32,2024-09-29 10:31:00,completed,AMZN,3301.5,140,2024-09-29 10:36:00
776,account_16,2024-09-29 10:15:00,completed,AAPL,176.0,120,2024-09-29 10:20:00
777,account_31,2024-09-29 10:30:00,pending,MSFT,296.5,100,2024-09-29 10:35:00
778,account_31,2024-09-29 10:30:00,pending,MSFT,296.5,100,2024-09-29 10:35:00
779,account_20,2024-09-29 10:19:00,completed,FB,376.0,110,2024-09-29 10:24:00
780,account_10,2024-09-29 10:09:00,completed,MSFT,295.75,60,2024-09-29 10:14:00
781,account_20,2024-09-29 10:19:00,completed,FB,376.0,110,2024-09-29 10:24:00
782,account_17,2024-09-29 10:16:00,pending,MSFT,296.0,100,2024-09-29 10:21:00
783,account_33,2024-09-29 10:32:00,pending,TSLA,275.7,90,2024-09-29 10:37:00
784,account_13,2024-09-29 10:12:00,pending,FB,375.5,140,2024-09-29 10:17:00
785,account_15,2024-09-29 10:14:00,pending,GOOG,2900.75,50,2024-09-29 10:19:00
786,account_9,2024-09-29 10:08:00,pending,AAPL,175.75,100,2024-09-29 10:13:00
787,account_2,2024-09-29 10:01:00,completed,GOOG,2900.25,50,2024-09-29 10:06:00
788,account_15,2024-09-29 10:14:00,pending,GOOG,2900.75,50,2024-09-29 10:19:00
789,account_14,2024-09-29 10:13:00,completed,NVDA,215.5,90,2024-09-29 10:18:00
790,account_18,2024-09-29 10:17:00,completed,AMZN,3300.8,150,2024-09-29 10:22:00
791,account_28,2024-09-29 10:27:00,completed,NVDA,215.9,60,2024-09-29 10:32:00
792,account_23,2024-09-29 10:22:00,pending,AAPL,176.2,90,2024-09-29 10:27:00
793,account_5,2024-09-29 10:04:00,pending,TSLA,275.0,50,2024-09-29 10:09:00
794,account_21,2024-09-29 10:20:00,pending,NVDA,215.7,80,2024-09-29 10:25:00
795,account_21,2024-09-29 10:20:00,pending,NVDA,215.7,80,2024-09-29 10:25:00
796,account_32,2024-09-29 10:31:00,completed,AMZN,3301.5,140,2024-09-29 10:36:00
797,account_29,2024-09-29 10:28:00,pending,GOOG,2901.25,120,2024-09-29 10:33:00
798,account_31,2024-09-29 10:30:00,pending,MSFT,296.5,100,2024-09-29 10:35:00
799,account_15,2024-09-29 10:14:00,pending,GOOG,2900.75,50,2024-09-29 10:19:00
800,account_17,2024-09-29 10:16:00,pending,MSFT,296.0,100,2024-09-29 10:21:00
801,account_21,2024-09-29 10:20:00,pending,NVDA,215.7,80,2024-09-29 10:25:00
802,account_1,2024-09-29 10:00:00,pending,AAPL,175.5,100,2024-09-29 10:05:00
803,account_27,2024-09-29 10:26:00,pending,FB,376.5,80,2024-09-29 10:31:00
804,account_13,2024-09-29 10:12:00,pending,FB,375.5,140,2024-09-29 10:17:00
805,account_17,2024-09-29 10:16:00,pending,MSFT,296.0,100,2024-09-29 10:21:00
806,account_19,2024-09-29 10:18:00,pending,TSLA,275.3,200,2024-09-29 10:23:00
807,account_16,2024-09-29 10:15:00,completed,AAPL,176.0,120,2024-09-29 10:20:00
808,account_33,2024-09-29 10:32:00,pending,TSLA,275.7,90,2024-09-29 10:37:00
809,account_20,2024-09-29 10:19:00,completed,FB,376.0,110,2024-09-29 10:24:00
810,account_2,2024-09-29 10:01:00,completed,GOOG,2900.25,50,2024-09-29 10:06:00
811,account_5,2024-09-29 10:04:00,pending,TSLA,275.0,50,2024-09-29 10:09:00
812,account_32,2024-09-29 10:31:00,completed,AMZN,3301.5,140,2024-09-29 10:36:00
813,account_26,2024-09-29 10:25:00,completed,TSLA,275.5,150,2024-09-29 10:30:00
814,account_4,2024-09-29 10:03:00,completed,MSFT,295.7,150,2024-09-29 10:08:00
815,account_17,2024-09-29 10:16:00,pending,MSFT,296.0,100,2024-09-29 10:21:00
816,account_22,2024-09-29 10:21:00,completed,GOOG,2901.0,70,2024-09-29 10:26:00
817,account_10,2024-09-29 10:09:00,completed,MSFT,295.75,60,2024-09-29 10:14:00
818,account_3,2024-09-29 10:02:00,pending,AMZN,3300.45,200,2024-09-29 10:07:00
819,account_22,2024-09-29 10:21:00,completed,GOOG,2901.0,70,2024-09-29 10:26:00
820,account_30,2024-09-29 10:29:00,completed,AAPL,176.5,110,2024-09-29 10:34:00
821,account_15,2024-09-29 10:14:00,pending,GOOG,2900.75,50,2024-09-29 10:19:00
822,account_28,2024-09-29 10:27:00,completed,NVDA,215.9,60,2024-09-29 10:32:00
823,account_25,2024-09-29 10:24:00,pending,AMZN,3301.0,130,2024-09-29 10:29:00
824,account_8,2024-09-29 10:07:00,completed,GOOG,2900.5,30,2024-09-29 10:12:00
825,account_32,2024-09-29 10:31:00,completed,AMZN,3301.5,140,2024-09-29 10:36:00
826,account_16,2024-09-29 10:15:00,completed,AAPL,176.0,120,2024-09-29 10:20:00
827,account_32,2024-09-29 10:31:00,completed,AMZN,3301.5,140,2024-09-29 10:36:00
828,account_32,2024-09-29 10:31:00,completed,AMZN,3301.5,140,2024-09-29 10:36:00
829,account_26,2024-09-29 10:25:00,completed,TSLA,275.5,150,2024-09-29 10:30:00
830,account_6,2024-09-29 10:05:00,completed,FB,375.0,120,2024-09-29 10:10:00
831,account_22,2024-09-29 10:21:00,completed,GOOG,2901.0,70,2024-09-29 10:26:00
832,account_9,2024-09-29 10:08:00,pending,AAPL,175.75,100,2024-09-29 10:13:00
833,account_21,2024-09-29 10:20:00,pending,NVDA,215.7,80,2024-09-29 10:25:00
834,account_13,2024-09-29 10:12:00,pending,FB,375.5,140,2024-09-29 10:17:00
835,account_13,2024-09-29 10:12:00,pending,FB,375.5,140,2024-09-29 10:17:00
836,account_25,2024-09-29 10:24:00,pending,AMZN,3301.0,130,2024-09-29 10:29:00
837,account_23,2024-09-29 10:22:00,pending,AAPL,176.2,90,2024-09-29 10:27:00
838,account_19,2024-09-29 10:18:00,pending,TSLA,275.3,200,2024-09-29 10:23:00
839,account_29,2024-09-29 10:28:00,pending,GOOG,2901.25,120,2024-09-29 10:33:00
840,account_27,2024-09-29 10:26:00,pending,FB,376.5,80,2024-09-29 10:31:00
841,account_4,2024-09-29 10:03:00,completed,MSFT,295.7,150,2024-09-29 10:08:00
842,account_20,2024-09-29 10:19:00,completed,FB,376.0,110,2024-09-29 10:24:00
843,account_2,2024-09-29 10:01:00,completed,GOOG,2900.25,50,2024-09-29 10:06:00
844,account_32,2024-09-29 10:31:00,completed,AMZN,3301.5,140,2024-09-29 10:36:00
845,account_29,2024-09-29 10:28:00,pending,GOOG,2901.25,120,2024-09-29 10:33:00
846,account_12,2024-09-29 10:11:00,completed,TSLA,275.1,70,2024-09-29 10:16:00
847,account_2,2024-09-29 10:01:00,completed,GOOG,2900.25,50,2024-09-29 10:06:00
848,account_29,2024-09-29 10:28:00,pending,GOOG,2901.25,120,2024-09-29 10:33:00
849,account_16,2024-09-29 10:15:00,completed,AAPL,176.0,120,2024-09-29 10:20:00
850,account_6,2024-09-29 10:05:00,completed,FB,375.0,120,2024-09-29 10:10:00
851,account_4,2024-09-29 10:03:00,completed,MSFT,295.7,150,2024-09-29 10:08:00
852,account_20,2024-09-29 10:19:00,completed,FB,376.0,110,2024-09-29 10:24:00
853,account_8,2024-09-29 10:07:00,completed,GOOG,2900.5,30,2024-09-29 10:12:00
854,account_9,2024-09-29 10:08:00,pending,AAPL,175.75,100,2024-09-29 10:13:00
855,account_24,2024-09-29 10:23:00,completed,MSFT,296.3,120,2024-09-29 10:28:00
856,account_6,2024-09-29 10:05:00,completed,FB,375.0,120,2024-09-29 10:10:00
857,account_23,2024-09-29 10:22:00,pending,AAPL,176.2,90,2024-09-29 10:27:00
858,account_17,2024-09-29 10:16:00,pending,MSFT,296.0,100,2024-09-29 10:21:00
859,account_28,2024-09-29 10:27:00,completed,NVDA,215.9,60,2024-09-29 10:32:00
860,account_33,2024-09-29 10:32:00,pending,TSLA,275.7,90,2024-09-29 10:37:00
861,account_5,2024-09-29 10:04:00,pending,TSLA,275.0,50,2024-09-29 10:09:00
862,account_17,2024-09-29 10:16:00,pending,MSFT,296.0,100,2024-09-29 10:21:00
863,account_9,2024-09-29 10:08:00,pending,AAPL,175.75,100,2024-09-29 10:13:00
864,account_1,2024-09-29 10:00:00,pending,AAPL,175.5,100,2024-09-29 10:05:00
865,account_18,2024-09-29 10:17:00,completed,AMZN,3300.8,150,2024-09-29 10:22:00
866,account_22,2024-09-29 10:21:00,completed,GOOG,2901.0,70,2024-09-29 10:26:00
867,account_21,2024-09-29 10:20:00,pending,NVDA,215.7,80,2024-09-29 10:25:00
868,account_6,2024-09-29 10:05:00,completed,FB,375.0,120,2024-09-29 10:10:00
869,account_11,2024-09-29 10:10:00,pending,AMZN,3300.6,180,2024-09-29 10:15:00
870,account_14,2024-09-29 10:13:00,completed,NVDA,215.5,90,2024-09-29 10:18:00
871,account_23,2024-09-29 10:22:00,pending,AAPL,176.2,90,2024-09-29 10:27:00
872,account_6,2024-09-29 10:05:00,completed,FB,375.0,120,2024-09-29 10:10:00
873,account_4,2024-09-29 10:03:00,completed,MSFT,295.7,150,2024-09-29 10:08:00
874,account_1,2024-09-29 10:00:00,pending,AAPL,175.5,100,2024-09-29 10:05:00
875,account_29,2024-09-29 10:28:00,pending,GOOG,2901.25,120,2024-09-29 10:33:00
876,account_24,2024-09-29 10:23:00,completed,MSFT,296.3,120,2024-09-29 10:28:00
877,account_1,2024-09-29 10:00:00,pending,AAPL,175.5,100,2024-09-29 10:05:00
878,account_13,2024-09-29 10:12:00,pending,FB,375.5,140,2024-09-29 10:17:00
879,account_29,2024-09-29 10:28:00,pending,GOOG,2901.25,120,2024-09-29 10:33:00
880,account_10,2024-09-29 10:09:00,completed,MSFT,295.75,60,2024-09-29 10:14:00
881,account_15,2024-09-29 10:14:00,pending,GOOG,2900.75,50,2024-09-29 10:19:00
882,account_11,2024-09-29 10:10:00,pending,AMZN,3300.6,180,2024-09-29 10:15:00
883,account_4,2024-09-29 10:03:00,completed,MSFT,295.7,150,2024-09-29 10:08:00
884,account_12,2024-09-29 10:11:00,completed,TSLA,275.1,70,2024-09-29 10:16:00
885,account_26,2024-09-29 10:25:00,completed,TSLA,275.5,150,2024-09-29 10:30:00
886,account_18,2024-09-29 10:17:00,completed,AMZN,3300.8,150,2024-09-29 10:22:00
887,account_10,2024-09-29 10:09:00,completed,MSFT,295.75,60,2024-09-29 10:14:00
888,account_1,2024-09-29 10:00:00,pending,AAPL,175.5,100,2024-09-29 10:05:00
889,account_1,2024-09-29 10:00:00,pending,AAPL,175.5,100,2024-09-29 10:05:00
890,account_22,2024-09-29 10:21:00,completed,GOOG,2901.0,70,2024-09-29 10:26:00
891,account_19,2024-09-29 10:18:00,pending,TSLA,275.3,200,2024-09-29 10:23:00
892,account_1,2024-09-29 10:00:00,pending,AAPL,175.5,100,2024-09-29 10:05:00
893,account_17,2024-09-29 10:16:00,pending,MSFT,296.0,100,2024-09-29 10:21:00
894,account_16,2024-09-29 10:15:00,completed,AAPL,176.0,120,2024-09-29 10:20:00
895,account_16,2024-09-29 10:15:00,completed,AAPL,176.0,120,2024-09-29 10:20:00
896,account_18,2024-09-29 10:17:00,completed,AMZN,3300.8,150,2024-09-29 10:22:00
897,account_13,2024-09-29 10:12:00,pending,FB,375.5,140,2024-09-29 10:17:00
898,account_14,2024-09-29 10:13:00,completed,NVDA,215.5,90,2024-09-29 10:18:00
899,account_21,2024-09-29 10:20:00,pending,NVDA,215.7,80,2024-09-29 10:25:00
900,account_4,2024-09-29 10:03:00,completed,MSFT,295.7,150,2024-09-29 10:08:00
901,account_29,2024-09-29 10:28:00,pending,GOOG,2901.25,120,2024-09-29 10:33:00
902,account_7,2024-09-29 10:06:00,pending,NVDA,215.3,80,2024-09-29 10:11:00
903,account_10,2024-09-29 10:09:00,completed,MSFT,295.75,60,2024-09-29 10:14:00
904,account_5,2024-09-29 10:04:00,pending,TSLA,275.0,50,2024-09-29 10:09:00
905,account_34,2024-09-29 10:33:00,completed,FB,377.0,120,2024-09-29 10:38:00
906,account_31,2024-09-29 10:30:00,pending,MSFT,296.5,100,2024-09-29 10:35:00
907,account_33,2024-09-29 10:32:00,pending,TSLA,275.7,90,2024-09-29 10:37:00
908,account_2,2024-09-29 10:01:00,completed,GOOG,2900.25,50,2024-09-29 10:06:00
909,account_16,2024-09-29 10:15:00,completed,AAPL,176.0,120,2024-09-29 10:20:00
910,account_24,2024-09-29 10:23:00,completed,MSFT,296.3,120,2024-09-29 10:28:00
911,account_3,2024-09-29 10:02:00,pending,AMZN,3300.45,200,2024-09-29 10:07:00
912,account_23,2024-09-29 10:22:00,pending,AAPL,176.2,90,2024-09-29 10:27:00
913,account_17,2024-09-29 10:16:00,pending,MSFT,296.0,100,2024-09-29 10:21:00
914,account_22,2024-09-29 10:21:00,completed,GOOG,2901.0,70,2024-09-29 10:26:00
915,account_30,2024-09-29 10:29:00,completed,AAPL,176.5,110,2024-09-29 10:34:00
916,account_18,2024-09-29 10:17:00,completed,AMZN,3300.8,150,2024-09-29 10:22:00
917,account_32,2024-09-29 10:31:00,completed,AMZN,3301.5,140,2024-09-29 10:36:00
918,account_25,2024-09-29 10:24:00,pending,AMZN,3301.0,130,2024-09-29 10:29:00
919,account_26,2024-09-29 10:25:00,completed,TSLA,275.5,150,2024-09-29 10:30:00
920,account_31,2024-09-29 10:30:00,pending,MSFT,296.5,100,2024-09-29 10:35:00
921,account_4,2024-09-29 10:03:00,completed,MSFT,295.7,150,2024-09-29 10:08:00
922,account_26,2024-09-29 10:25:00,completed,TSLA,275.5,150,2024-09-29 10:30:00
923,account_27,2024-09-29 10:26:00,pending,FB,376.5,80,2024-09-29 10:31:00
924,account_16,2024-09-29 10:15:00,completed,AAPL,176.0,120,2024-09-29 10:20:00
925,account_24,2024-09-29 10:23:00,completed,MSFT,296.3,120,2024-09-29 10:28:00
926,account_20,2024-09-29 10:19:00,completed,FB,376.0,110,2024-09-29 10:24:00
927,account_24,2024-09-29 10:23:00,completed,MSFT,296.3,120,2024-09-29 10:28:00
928,account_13,2024-09-29 10:12:00,pending,FB,375.5,140,2024-09-29 10:17:00
929,account_32,2024-09-29 10:31:00,completed,AMZN,3301.5,140,2024-09-29 10:36:00
930,account_23,2024-09-29 10:22:00,pending,AAPL,176.2,90,2024-09-29 10:27:00
931,account_23,2024-09-29 10:22:00,pending,AAPL,176.2,90,2024-09-29 10:27:00
932,account_25,2024-09-29 10:24:00,pending,AMZN,3301.0,130,2024-09-29 10:29:00
933,account_3,2024-09-29 10:02:00,pending,AMZN,3300.45,200,2024-09-29 10:07:00
934,account_33,2024-09-29 10:32:00,pending,TSLA,275.7,90,2024-09-29 10:37:00
935,account_11,2024-09-29 10:10:00,pending,AMZN,3300.6,180,2024-09-29 10:15:00
936,account_25,2024-09-29 10:24:00,pending,AMZN,3301.0,130,2024-09-29 10:29:00
937,account_15,2024-09-29 10:14:00,pending,GOOG,2900.75,50,2024-09-29 10:19:00
938,account_9,2024-09-29 10:08:00,pending,AAPL,175.75,100,2024-09-29 10:13:00
939,account_7,2024-09-29 10:06:00,pending,NVDA,215.3,80,2024-09-29 10:11:00
940,account_26,2024-09-29 10:25:00,completed,TSLA,275.5,150,2024-09-29 10:30:00
941,account_21,2024-09-29 10:20:00,pending,NVDA,215.7,80,2024-09-29 10:25:00
942,account_32,2024-09-29 10:31:00,completed,AMZN,3301.5,140,2024-09-29 10:36:00
943,account_17,2024-09-29 10:16:00,pending,MSFT,296.0,100,2024-09-29 10:21:00
944,account_27,2024-09-29 10:26:00,pending,FB,376.5,80,2024-09-29 10:31:00
945,account_1,2024-09-29 10:00:00,pending,AAPL,175.5,100,2024-09-29 10:05:00
946,account_9,2024-09-29 10:08:00,pending,AAPL,175.75,100,2024-09-29 10:13:00
947,account_18,2024-09-29 10:17:00,completed,AMZN,3300.8,150,2024-09-29 10:22:00
948,account_25,2024-09-29 10:24:00,pending,AMZN,3301.0,130,2024-09-29 10:29:00
949,account_5,2024-09-29 10:04:00,pending,TSLA,275.0,50,2024-09-29 10:09:00
950,account_30,2024-09-29 10:29:00,completed,AAPL,176.5,110,2024-09-29 10:34:00
951,account_18,2024-09-29 10:17:00,completed,AMZN,3300.8,150,2024-09-29 10:22:00
952,account_2,2024-09-29 10:01:00,completed,GOOG,2900.25,50,2024-09-29 10:06:00
953,account_9,2024-09-29 10:08:00,pending,AAPL,175.75,100,2024-09-29 10:13:00
954,account_6,2024-09-29 10:05:00,completed,FB,375.0,120,2024-09-29 10:10:00
955,account_29,2024-09-29 10:28:00,pending,GOOG,2901.25,120,2024-09-29 10:33:00
956,account_20,2024-09-29 10:19:00,completed,FB,376.0,110,2024-09-29 10:24:00
957,account_31,2024-09-29 10:30:00,pending,MSFT,296.5,100,2024-09-29 10:35:00
958,account_32,2024-09-29 10:31:00,completed,AMZN,3301.5,140,2024-09-29 10:36:00
959,account_25,2024-09-29 10:24:00,pending,AMZN,3301.0,130,2024-09-29 10:29:00
960,account_19,2024-09-29 10:18:00,pending,TSLA,275.3,200,2024-09-29 10:23:00
961,account_16,2024-09-29 10:15:00,completed,AAPL,176.0,120,2024-09-29 10:20:00
962,account_6,2024-09-29 10:05:00,completed,FB,375.0,120,2024-09-29 10:10:00
963,account_19,2024-09-29 10:18:00,pending,TSLA,275.3,200,2024-09-29 10:23:00
964,account_2,2024-09-29 10:01:00,completed,GOOG,2900.25,50,2024-09-29 10:06:00
965,account_16,2024-09-29 10:15:00,completed,AAPL,176.0,120,2024-09-29 10:20:00
966,account_13,2024-09-29 10:12:00,pending,FB,375.5,140,2024-09-29 10:17:00
967,account_20,2024-09-29 10:19:00,completed,FB,376.0,110,2024-09-29 10:24:00
968,account_34,2024-09-29 10:33:00,completed,FB,377.0,120,2024-09-29 10:38:00
969,account_4,2024-09-29 10:03:00,completed,MSFT,295.7,150,2024-09-29 10:08:00
970,account_17,2024-09-29 10:16:00,pending,MSFT,296.0,100,2024-09-29 10:21:00
971,account_19,2024-09-29 10:18:00,pending,TSLA,275.3,200,2024-09-29 10:23:00
972,account_11,2024-09-29 10:10:00,pending,AMZN,3300.6,180,2024-09-29 10:15:00
973,account_24,2024-09-29 10:23:00,completed,MSFT,296.3,120,2024-09-29 10:28:00
974,account_34,2024-09-29 10:33:00,completed,FB,377.0,120,2024-09-29 10:38:00
975,account_21,2024-09-29 10:20:00,pending,NVDA,215.7,80,2024-09-29 10:25:00
976,account_27,2024-09-29 10:26:00,pending,FB,376.5,80,2024-09-29 10:31:00
977,account_3,2024-09-29 10:02:00,pending,AMZN,3300.45,200,2024-09-29 10:07:00
978,account_17,2024-09-29 10:16:00,pending,MSFT,296.0,100,2024-09-29 10:21:00
979,account_13,2024-09-29 10:12:00,pending,FB,375.5,140,2024-09-29 10:17:00
980,account_4,2024-09-29 10:03:00,completed,MSFT,295.7,150,2024-09-29 10:08:00
981,account_29,2024-09-29 10:28:00,pending,GOOG,2901.25,120,2024-09-29 10:33:00
982,account_11,2024-09-29 10:10:00,pending,AMZN,3300.6,180,2024-09-29 10:15:00
983,account_4,2024-09-29 10:03:00,completed,MSFT,295.7,150,2024-09-29 10:08:00
984,account_8,2024-09-29 10:07:00,completed,GOOG,2900.5,30,2024-09-29 10:12:00
985,account_4,2024-09-29 10:03:00,completed,MSFT,295.7,150,2024-09-29 10:08:00
986,account_25,2024-09-29 10:24:00,pending,AMZN,3301.0,130,2024-09-29 10:29:00
987,account_24,2024-09-29 10:23:00,completed,MSFT,296.3,120,2024-09-29 10:28:00
988,account_16,2024-09-29 10:15:00,completed,AAPL,176.0,120,2024-09-29 10:20:00
989,account_21,2024-09-29 10:20:00,pending,NVDA,215.7,80,2024-09-29 10:25:00
990,account_3,2024-09-29 10:02:00,pending,AMZN,3300.45,200,2024-09-29 10:07:00
991,account_33,2024-09-29 10:32:00,pending,TSLA,275.7,90,2024-09-29 10:37:00
992,account_32,2024-09-29 10:31:00,completed,AMZN,3301.5,140,2024-09-29 10:36:00
993,account_15,2024-09-29 10:14:00,pending,GOOG,2900.75,50,2024-09-29 10:19:00
994,account_17,2024-09-29 10:16:00,pending,MSFT,296.0,100,2024-09-29 10:21:00
995,account_27,2024-09-29 10:26:00,pending,FB,376.5,80,2024-09-29 10:31:00
996,account_31,2024-09-29 10:30:00,pending,MSFT,296.5,100,2024-09-29 10:35:00
997,account_19,2024-09-29 10:18:00,pending,TSLA,275.3,200,2024-09-29 10:23:00
998,account_18,2024-09-29 10:17:00,completed,AMZN,3300.8,150,2024-09-29 10:22:00
999,account_6,2024-09-29 10:05:00,completed,FB,375.0,120,2024-09-29 10:10:00
1000,account_1,2024-09-29 10:00:00,pending,AAPL,175.5,100,2024-09-29 10:05:00
1001,account_22,2024-09-29 10:21:00,completed,GOOG,2901.0,70,2024-09-29 10:26:00
1002,account_4,2024-09-29 10:03:00,completed,MSFT,295.7,150,2024-09-29 10:08:00
1003,account_27,2024-09-29 10:26:00,pending,FB,376.5,80,2024-09-29 10:31:00
1004,account_24,2024-09-29 10:23:00,completed,MSFT,296.3,120,2024-09-29 10:28:00
1005,account_24,2024-09-29 10:23:00,completed,MSFT,296.3,120,2024-09-29 10:28:00
1006,account_20,2024-09-29 10:19:00,completed,FB,376.0,110,2024-09-29 10:24:00
1007,account_5,2024-09-29 10:04:00,pending,TSLA,275.0,50,2024-09-29 10:09:00
1008,account_4,2024-09-29 10:03:00,completed,MSFT,295.7,150,2024-09-29 10:08:00
1009,account_10,2024-09-29 10:09:00,completed,MSFT,295.75,60,2024-09-29 10:14:00
1010,account_25,2024-09-29 10:24:00,pending,AMZN,3301.0,130,2024-09-29 10:29:00
1011,account_28,2024-09-29 10:27:00,completed,NVDA,215.9,60,2024-09-29 10:32:00
1012,account_28,2024-09-29 10:27:00,completed,NVDA,215.9,60,2024-09-29 10:32:00
1013,account_28,2024-09-29 10:27:00,completed,NVDA,215.9,60,2024-09-29 10:32:00
1014,account_23,2024-09-29 10:22:00,pending,AAPL,176.2,90,2024-09-29 10:27:00
1015,account_21,2024-09-29 10:20:00,pending,NVDA,215.7,80,2024-09-29 10:25:00
1016,account_33,2024-09-29 10:32:00,pending,TSLA,275.7,90,2024-09-29 10:37:00
1017,account_24,2024-09-29 10:23:00,completed,MSFT,296.3,120,2024-09-29 10:28:00
1018,account_2,2024-09-29 10:01:00,completed,GOOG,2900.25,50,2024-09-29 10:06:00
1019,account_26,2024-09-29 10:25:00,completed,TSLA,275.5,150,2024-09-29 10:30:00
1020,account_31,2024-09-29 10:30:00,pending,MSFT,296.5,100,2024-09-29 10:35:00
1021,account_30,2024-09-29 10:29:00,completed,AAPL,176.5,110,2024-09-29 10:34:00
1022,account_18,2024-09-29 10:17:00,completed,AMZN,3300.8,150,2024-09-29 10:22:00
1023,account_28,2024-09-29 10:27:00,completed,NVDA,215.9,60,2024-09-29 10:32:00
1024,account_7,2024-09-29 10:06:00,pending,NVDA,215.3,80,2024-09-29 10:11:00
1025,account_12,2024-09-29 10:11:00,completed,TSLA,275.1,70,2024-09-29 10:16:00
1026,account_29,2024-09-29 10:28:00,pending,GOOG,2901.25,120,2024-09-29 10:33:00
1027,account_16,2024-09-29 10:15:00,completed,AAPL,176.0,120,2024-09-29 10:20:00
1028,account_9,2024-09-29 10:08:00,pending,AAPL,175.75,100,2024-09-29 10:13:00
1029,account_25,2024-09-29 10:24:00,pending,AMZN,3301.0,130,2024-09-29 10:29:00
1030,account_26,2024-09-29 10:25:00,completed,TSLA,275.5,150,2024-09-29 10:30:00
1031,account_28,2024-09-29 10:27:00,completed,NVDA,215.9,60,2024-09-29 10:32:00
1032,account_19,2024-09-29 10:18:00,pending,TSLA,275.3,200,2024-09-29 10:23:00
1033,account_18,2024-09-29 10:17:00,completed,AMZN,3300.8,150,2024-09-29 10:22:00
